,void-accessor controller,set collaborator,predicate set collaborator,property,property non-void-command factory collaborator,factory incidental,property command factory collaborator,get predicate controller,get set factory collaborator,property wrapper,constructor,get set factory,property non-void-command factory,get property,predicate non-void-command collaborator,get property factory wrapper,property set factory,predicate wrapper,get factory collaborator,wrapper stateless,get factory controller,void-accessor command,get predicate set,factory collaborator,get non-void-command collaborator,set factory,stateless,copy-constructor,get non-void-command,get set collaborator,command,property factory collaborator,incidental,predicate collaborator,destructor,property set collaborator,property factory wrapper,property set factory collaborator,non-void-command factory collaborator,get property set factory collaborator,get predicate set collaborator,void-accessor,predicate non-void-command,get property controller,property collaborator,get void-accessor collaborator,get non-void-command factory collaborator,property set,wrapper,collaborator stateless,get factory,unclassified,get predicate collaborator,factory controller stateless,factory wrapper stateless,get property factory collaborator,get void-accessor command collaborator,set factory collaborator,get predicate wrapper,get wrapper,get controller,get property non-void-command factory,void-accessor set collaborator,get predicate non-void-command,command collaborator,command empty,void-accessor command collaborator,get command collaborator,property non-void-command,get factory wrapper,get predicate non-void-command collaborator,get property command collaborator,get,get void-accessor controller,property factory,get collaborator,controller stateless,get predicate,factory collaborator stateless,get property collaborator,get property non-void-command,get property wrapper,void-accessor set,factory controller,property controller,get command,get property set,void-accessor wrapper,property factory controller,void-accessor collaborator,get property set collaborator,collaborator incidental,get property factory,get property factory controller,set,get property set factory,collaborator,get property non-void-command collaborator,get void-accessor,non-void-command,non-void-command collaborator,property non-void-command collaborator,get property non-void-command factory collaborator,predicate set,get non-void-command factory,property command collaborator,empty,predicate,controller,factory stateless,non-void-command factory,predicate controller,factory,get set,factory wrapper,factory collaborator incidental
DevToys (C#),0,39,1,0,10,0,0,0,1,26,211,0,0,0,10,0,0,8,0,56,0,1,0,0,2,0,1,3,1,1,147,3,3,1,1,8,5,0,5,1,0,0,5,0,6,0,2,0,67,9,0,1,0,7,4,0,0,1,0,2,0,0,1,0,141,0,6,0,13,0,0,0,2,0,0,3,85,1,3,1,0,1,0,0,8,0,0,0,3,0,0,11,0,0,68,0,1,0,0,0,101,82,1,2,0,0,13,3,6,0,0,1,0,4,1,0
EquinoxProject (C#),0,0,0,0,0,0,0,0,0,2,24,0,0,0,0,0,0,3,0,11,0,0,0,0,0,0,0,4,0,0,6,0,0,0,0,0,0,0,0,0,0,0,2,0,0,0,0,0,1,0,0,0,0,0,0,0,0,0,0,0,0,0,0,0,7,0,0,0,0,0,0,0,0,0,0,0,13,0,0,0,0,0,0,0,0,0,0,0,0,0,0,5,0,0,0,0,0,0,0,0,2,34,0,0,0,0,0,0,0,0,0,0,0,0,0,0
docfx (C#),4,13,0,6,25,0,0,0,0,33,576,0,3,0,34,0,0,10,1,372,0,0,0,0,1,0,1,25,1,0,48,7,27,1,3,4,8,0,7,0,0,0,10,2,6,0,0,0,45,3,0,1,0,13,8,0,0,1,1,2,0,1,1,0,214,0,10,0,11,0,0,0,2,0,2,4,153,0,1,3,0,2,0,4,34,0,1,3,11,0,0,53,2,0,26,0,0,2,0,0,5,134,0,1,0,0,508,1,45,0,0,6,0,0,0,1
CAP (C#),0,6,0,6,16,0,0,0,0,9,155,0,0,0,11,0,0,0,0,64,0,0,0,2,7,0,0,36,1,4,40,9,20,0,0,2,3,1,20,0,0,0,1,0,4,0,0,0,16,3,0,0,0,2,5,0,0,0,0,1,0,0,0,0,65,0,4,0,3,0,0,0,4,0,0,0,50,0,3,0,0,0,0,6,14,0,0,3,4,0,0,12,0,0,8,0,0,0,0,0,72,113,0,0,0,0,15,1,27,0,0,0,0,2,0,0
EverythingToolbar (C#),0,15,1,14,1,0,0,0,0,8,45,0,0,0,3,0,0,1,0,57,0,1,0,0,0,0,1,1,0,1,33,0,13,0,3,4,0,0,2,0,0,0,0,0,2,0,0,2,26,8,0,2,0,1,1,0,0,0,0,0,0,0,0,0,60,0,3,0,37,0,0,0,0,0,0,6,10,0,0,0,0,0,0,0,1,0,0,1,0,0,0,12,0,0,50,0,2,1,0,2,6,21,3,1,0,0,2,20,5,0,0,0,0,1,0,0
LittleBigMouse (C#),0,11,0,3,2,0,0,0,0,7,130,0,1,0,6,0,0,2,0,90,0,0,0,0,2,0,0,9,3,2,12,3,17,1,8,2,4,3,2,0,0,0,0,0,3,0,0,0,5,2,0,3,0,2,0,0,0,1,0,3,1,0,0,0,55,0,4,0,4,0,0,0,24,0,1,10,27,0,0,0,1,0,0,0,5,0,0,0,1,0,1,42,0,0,14,0,5,0,0,5,12,27,0,1,0,0,13,4,9,0,1,0,1,1,2,0
QuickLook (C#),1,17,1,0,9,0,0,0,0,4,44,0,0,0,0,1,0,0,0,40,0,0,0,0,1,0,1,1,0,1,27,0,3,0,0,1,2,0,1,1,0,0,5,0,1,0,0,0,13,21,0,0,0,1,4,0,0,0,0,1,0,0,6,0,36,0,7,0,2,0,0,0,0,0,0,3,20,0,4,2,0,0,0,0,0,0,0,1,0,0,0,17,0,0,29,0,0,0,0,3,3,7,1,1,0,0,10,0,2,0,0,0,0,1,0,0
usbipd-win (C#),0,2,0,1,2,0,0,0,0,2,14,0,0,0,0,0,0,0,0,102,0,0,0,0,0,0,3,2,0,0,24,0,0,0,0,0,1,0,0,0,0,0,0,0,0,0,0,0,48,0,0,7,0,0,0,0,0,0,0,0,0,0,0,0,42,0,0,0,0,0,0,0,0,0,0,0,66,0,0,0,0,0,0,0,0,0,0,0,0,0,0,0,0,0,1,0,0,0,0,0,4,9,0,0,0,0,0,0,10,0,0,0,0,0,0,0
btcpayserver (C#),1,18,0,10,56,0,0,0,0,43,534,0,1,1,32,0,0,10,0,154,0,0,0,1,2,0,0,20,0,4,36,11,37,0,0,9,3,6,10,0,0,0,24,0,18,0,0,0,19,9,0,1,0,13,19,0,0,2,0,1,0,0,0,0,86,0,13,0,35,0,0,0,16,0,1,15,251,0,4,1,1,4,0,6,31,0,0,0,4,0,0,60,0,0,17,0,5,1,0,2,223,612,0,0,0,0,32,9,57,1,0,6,0,1,0,11
Skinner (C#),0,38,0,4,1,0,0,0,2,10,23,0,0,0,1,0,0,3,0,11,0,1,0,2,2,0,0,0,1,0,73,0,12,1,0,2,5,1,4,0,0,0,3,0,6,0,1,1,22,0,0,1,0,0,0,0,0,0,0,2,0,0,1,0,78,0,3,0,5,0,0,0,46,0,0,45,10,0,1,3,1,0,0,0,0,0,0,0,0,0,0,13,0,0,91,0,0,0,0,4,5,9,0,0,0,0,11,22,10,0,0,1,0,1,1,0
Templates (C#),3,1,0,0,6,0,0,0,0,2,29,0,0,0,0,0,0,0,0,4,0,0,0,0,0,0,0,3,0,0,2,0,0,0,0,2,0,0,0,0,0,0,0,0,0,0,0,0,0,0,0,0,0,0,0,0,0,0,0,0,0,0,0,0,3,0,1,0,0,0,0,0,0,0,0,0,11,0,0,0,0,0,0,1,1,0,0,1,0,5,0,1,0,0,0,0,0,0,0,0,48,16,0,0,0,0,0,0,4,0,0,0,0,0,0,0
eShop (C#),0,18,0,0,6,0,0,0,0,14,141,0,0,0,9,0,0,0,0,28,0,0,0,0,0,0,0,41,2,2,25,1,12,1,1,4,7,0,13,0,0,0,1,0,2,0,1,1,20,5,0,0,0,3,3,0,0,0,4,4,0,0,0,2,33,0,0,0,15,0,0,0,5,0,0,5,66,0,1,0,0,0,0,2,1,0,0,0,0,0,1,24,0,0,23,0,1,0,0,8,86,73,0,0,0,0,2,0,12,0,0,0,0,0,0,7
copy-dialog-lunar-lander (C#),0,1,0,0,0,0,0,0,0,1,6,0,0,0,0,0,0,0,0,1,0,0,0,0,0,0,0,0,0,0,10,0,1,0,1,0,0,0,0,0,0,0,0,0,0,0,0,0,0,0,0,0,0,0,0,0,0,0,0,0,0,0,0,0,38,0,0,0,0,0,0,0,0,0,0,3,0,0,2,0,0,0,0,0,0,0,0,0,0,0,0,0,0,0,5,0,0,0,0,0,0,2,0,0,0,0,7,0,2,0,0,1,0,0,0,1
luban (C#),0,8,2,8,54,0,0,0,0,13,120,0,0,0,10,0,0,9,0,195,0,1,0,0,0,0,45,3,0,0,51,3,241,10,0,0,1,1,5,0,0,1,14,1,1,0,0,6,7,52,0,0,0,8,3,0,0,0,0,0,0,0,0,0,214,0,1,0,59,0,0,0,0,0,0,4,149,0,2,1,0,1,1,12,196,0,0,1,21,0,2,339,0,0,7,0,0,0,0,0,0,90,0,1,0,0,69,4,131,0,0,7,0,2,0,0
Open-XML-SDK (C#),3,111,2,6,13,0,0,0,5,103,11737,0,0,1,34,0,0,14,1,803,0,0,0,0,11,0,4,84,3,6,95,0,9,3,0,4,9,0,41,0,0,1,41,0,14,0,0,0,58,9,0,5,0,8,14,0,0,1,0,8,0,0,0,0,2073,0,2682,0,22,0,0,0,3,0,0,98,454,0,1,3,0,3,0,3,12,0,0,2,6,1,0,29,0,0,30,0,0,7,0,3,9,94,0,2,0,0,10,6,76,0,0,7,0,1,1,343
SteamAchievementManager (C#),0,3,0,1,0,0,0,0,0,0,15,0,0,0,6,0,0,1,0,0,0,0,0,0,0,0,0,0,0,0,8,0,4,0,1,1,0,0,5,0,0,0,11,0,0,0,0,0,0,0,0,0,0,0,0,0,0,0,0,0,0,0,0,0,11,0,1,0,9,0,0,0,1,0,0,2,0,0,0,0,0,3,0,0,1,0,0,0,0,0,0,0,0,0,2,0,0,1,0,0,0,12,0,0,0,0,0,1,0,0,0,0,0,0,0,0
winsw (C#),0,0,0,0,4,0,0,0,0,1,39,0,0,0,3,0,0,0,0,21,0,0,0,0,0,0,10,2,1,0,18,0,1,0,0,1,0,0,0,0,0,0,1,0,0,0,0,0,12,2,0,0,0,0,0,0,0,0,0,0,0,0,0,0,28,0,0,0,7,0,0,0,0,0,0,0,12,0,0,0,0,0,0,0,3,0,0,0,0,0,0,1,0,0,2,0,0,0,0,0,9,21,0,0,0,0,6,0,4,0,0,0,0,0,0,0
Mirror (C#),1,62,3,5,10,0,0,0,1,107,137,0,0,2,24,0,0,2,0,443,0,5,0,0,2,0,4,6,1,2,946,0,27,0,1,6,1,1,11,0,0,8,12,1,1,0,0,1,168,1,0,10,0,3,7,0,0,2,0,1,0,0,3,0,380,0,45,0,10,0,0,0,9,0,0,9,181,0,0,1,1,1,0,3,92,0,0,4,3,12,1,20,0,0,209,0,5,4,0,3,18,59,0,1,0,0,234,6,54,0,0,4,0,0,0,0
ArchiSteamFarm (C#),0,7,0,1,5,0,0,0,0,2,134,0,0,0,17,0,0,0,0,80,0,0,0,0,1,0,0,3,0,0,32,0,0,0,0,0,0,0,0,1,0,0,0,0,0,0,0,0,10,0,0,0,0,0,0,0,0,0,0,0,0,0,0,0,21,0,0,0,5,0,0,0,0,0,0,2,50,0,0,0,0,0,0,0,0,0,0,2,0,0,4,0,0,0,11,0,0,0,0,4,30,57,0,0,0,0,0,0,5,0,0,1,0,0,0,0
websocket-sharp (C#),1,52,3,26,2,0,0,0,8,10,122,0,0,0,37,0,0,6,0,13,0,0,0,0,1,0,13,4,2,11,61,1,15,8,0,6,0,1,3,1,0,0,13,0,32,0,0,0,7,9,0,4,0,0,0,0,0,0,0,1,0,0,0,0,127,0,0,0,19,0,0,0,139,0,0,84,5,0,0,0,1,2,0,1,16,0,0,0,0,0,3,2,0,0,64,0,3,1,0,4,1,48,0,0,0,0,6,50,2,0,0,3,0,1,0,0
CleanArchitecture (C#),0,1,0,0,1,0,0,0,0,0,37,0,0,0,0,0,0,0,0,12,0,0,0,0,0,0,0,5,0,0,6,0,0,0,0,0,0,0,0,0,0,0,0,0,0,0,0,0,0,0,0,0,0,0,0,0,0,0,0,0,0,0,0,0,8,0,0,0,0,0,0,0,0,0,0,3,44,0,0,0,0,0,0,0,0,0,0,0,0,0,0,4,0,0,3,0,0,0,0,0,28,16,0,0,0,0,1,0,5,0,0,0,0,0,0,0
SharpZipLib (C#),0,47,2,43,2,0,0,0,3,12,188,0,0,1,7,0,0,7,0,117,0,6,0,0,1,0,34,2,0,0,221,3,31,1,3,2,2,2,7,0,0,0,24,0,4,0,1,13,20,8,0,2,0,2,3,0,0,0,0,6,1,0,0,0,87,0,7,0,58,0,0,0,103,0,0,29,125,0,2,0,1,0,1,1,3,0,0,1,0,0,0,5,0,0,104,0,0,0,0,8,42,33,2,2,0,0,9,30,14,0,0,3,0,3,0,0
MediatR (C#),0,1,0,1,1,0,0,0,0,3,41,0,0,0,0,0,0,0,0,14,0,0,0,0,14,0,0,0,0,0,26,0,0,0,0,0,0,0,0,0,0,0,0,0,0,0,0,0,1,9,0,0,0,0,0,0,0,0,0,0,0,0,0,0,3,0,0,0,2,0,0,0,0,0,0,0,84,0,0,0,0,0,0,0,3,0,0,0,0,0,0,4,0,0,0,0,0,0,0,0,17,31,0,0,0,0,1,0,0,0,0,0,0,0,0,1
NETworkManager (C#),0,302,1,0,18,0,0,0,0,0,341,0,0,0,2,0,0,2,0,159,0,0,0,0,0,0,0,32,0,0,170,0,30,1,0,0,1,0,0,0,0,0,1,0,1,0,0,0,55,77,0,3,0,8,15,0,0,0,0,0,0,0,0,0,130,0,3,0,3,0,0,0,1,0,0,0,23,0,2,0,0,0,0,0,1,0,0,0,0,0,0,62,0,0,912,0,40,0,0,52,49,8,0,0,0,0,26,1,2,0,0,0,0,0,0,0
CreamInstaller (C#),0,0,0,0,0,0,0,0,0,0,15,0,0,0,0,0,0,0,0,2,0,0,0,0,0,0,0,0,0,0,16,0,0,0,0,0,0,0,0,0,0,0,0,0,0,0,0,0,1,0,0,0,0,0,0,0,0,0,0,0,0,0,1,0,11,0,0,0,0,0,0,0,0,0,0,0,0,0,0,0,0,0,0,0,0,0,0,0,0,0,0,3,0,0,3,0,0,0,0,0,3,2,0,0,0,0,0,0,1,0,0,0,0,0,0,0
Remotely (C#),0,10,0,4,8,0,0,0,1,2,43,0,0,0,9,0,0,2,0,39,0,0,0,0,4,0,0,41,0,0,49,1,6,0,0,0,0,0,3,0,0,0,9,0,1,0,0,0,14,0,0,0,0,0,5,0,0,0,0,0,0,0,0,0,60,0,0,0,2,0,0,0,4,0,0,0,217,0,0,0,0,0,0,0,0,0,0,0,0,0,0,12,0,0,25,0,0,0,0,0,175,132,1,0,0,0,0,1,6,0,0,0,0,0,0,0
runner (C#),3,81,1,23,22,0,0,0,42,22,1075,1,0,0,56,0,0,22,0,169,0,1,0,3,2,0,5,51,4,10,265,27,45,7,0,3,2,3,25,0,0,0,36,1,34,0,0,0,87,7,0,7,0,15,9,0,0,4,0,9,0,0,1,0,430,0,9,0,75,0,0,0,36,0,23,67,163,0,10,0,0,1,0,11,31,0,0,3,4,0,2,36,0,0,80,0,2,6,0,18,107,343,0,1,0,0,14,11,57,0,3,6,0,11,2,0
Scrutor (C#),0,0,0,0,0,0,0,0,0,1,24,0,0,0,0,0,0,0,0,3,0,0,0,0,2,0,0,0,0,1,5,0,0,0,0,3,0,0,2,0,0,0,0,1,0,0,0,0,0,0,0,0,0,0,0,0,0,0,0,0,0,0,0,0,20,0,0,0,0,0,0,0,0,0,0,0,22,0,0,0,0,0,0,0,0,0,0,0,0,0,0,0,0,0,0,0,0,0,0,0,0,95,0,0,0,0,0,0,3,0,0,0,0,0,0,0
Unigram (C#),19,439,9,22,72,0,0,0,2,165,1256,0,0,2,76,0,0,42,0,1137,0,3,0,4,14,0,3,16,4,20,588,41,201,10,8,180,10,8,32,17,0,0,32,0,33,0,2,3,474,94,0,7,0,25,28,0,0,18,0,6,0,0,20,0,1878,0,129,0,55,0,0,0,20,0,0,50,312,0,33,13,4,2,1,4,52,0,1,7,3,6,95,303,0,0,204,0,33,152,0,131,193,1567,2,3,0,2,286,30,85,0,0,7,0,2,0,1
sharpkeys (C#),0,6,0,0,0,0,0,0,0,0,3,0,0,0,1,0,0,0,0,1,0,0,0,0,0,0,0,0,0,0,7,0,0,0,0,0,0,0,0,0,0,0,0,0,0,0,0,0,1,0,0,0,0,0,0,0,0,0,0,0,0,0,0,0,26,0,1,0,0,0,0,0,0,0,0,0,3,0,0,0,0,0,0,0,1,0,0,0,0,0,0,0,0,0,3,0,0,0,0,0,0,0,0,0,0,0,0,0,4,0,0,0,0,0,0,0
OrchardCore (C#),7,44,3,7,140,0,0,0,6,88,1413,0,0,1,56,0,0,14,0,575,0,0,0,1,48,0,2,549,21,36,47,12,32,1,1,15,12,4,81,0,0,0,13,0,37,0,5,0,50,40,0,1,0,52,55,0,0,2,0,13,2,0,0,0,258,0,53,0,43,0,0,0,5,0,0,20,763,0,19,0,1,3,0,13,135,0,0,3,11,12,4,208,0,2,40,0,3,14,0,14,554,1869,1,1,0,0,47,1,86,0,0,12,0,46,0,3
npoi (C#),2,3863,5,633,235,0,0,0,45,239,3301,0,5,11,177,0,0,66,2,2169,0,8,0,95,40,0,245,52,26,377,1721,81,1259,42,1,38,21,7,270,0,0,6,647,6,216,0,4,47,499,200,0,39,0,101,60,0,0,87,0,10,6,6,0,2,1798,0,12,0,1021,0,0,0,5092,0,5,4282,2221,1,169,32,14,16,0,53,324,0,1,5,22,0,2,379,0,0,4658,0,52,58,0,249,265,1380,6,9,0,0,153,502,357,7,9,27,9,18,11,2
ExcelDataReader (C#),0,1,0,2,13,0,0,0,0,24,117,0,0,2,5,0,0,1,0,36,0,1,0,2,2,0,8,1,2,0,56,7,3,0,3,3,4,0,1,0,0,0,9,0,6,0,0,0,5,4,0,0,0,0,0,1,0,0,0,0,0,0,1,0,62,0,1,0,11,0,0,0,2,0,0,4,6,0,4,0,0,2,1,2,4,0,0,1,0,0,0,1,0,0,3,0,0,2,0,0,0,36,0,5,0,0,11,1,0,0,0,1,0,0,0,0
Hangfire (C#),0,78,0,9,21,0,0,0,0,11,380,0,0,0,26,0,0,2,0,364,0,0,0,1,0,0,1,18,0,0,98,30,5,0,0,3,16,0,7,0,0,0,3,0,6,0,0,0,178,7,0,5,0,3,5,1,0,0,0,0,0,0,0,0,507,0,11,0,16,0,0,0,11,0,0,27,152,0,7,0,0,0,0,2,10,0,0,0,7,0,0,9,0,0,33,0,3,0,0,0,15,96,0,0,0,0,35,1,42,0,0,1,0,0,0,0
Newtonsoft.Json (C#),2,92,3,15,30,0,0,0,16,62,435,0,0,1,60,0,0,12,0,1143,0,3,0,0,0,0,24,19,0,4,326,17,55,6,2,14,1,2,10,0,0,0,42,2,48,0,1,7,37,65,0,2,0,14,10,1,0,0,0,5,0,0,1,0,214,0,16,0,74,0,0,0,66,0,0,58,1418,0,19,11,0,3,0,1,17,0,2,2,1,1,0,102,0,0,82,0,0,4,0,10,106,324,0,6,0,0,23,15,29,0,0,9,0,0,0,4
wpftoolkit (C#),2,144,0,29,20,0,0,0,3,420,494,0,1,0,47,0,0,142,1,146,0,3,0,0,4,0,6,9,1,8,302,8,68,10,2,6,7,0,17,1,0,0,44,0,34,0,3,2,596,65,0,3,0,13,7,0,0,5,1,24,0,0,1,0,627,0,68,0,67,1,0,0,220,0,0,150,80,3,55,1,0,0,0,1,11,0,0,5,5,2,2,135,0,0,183,0,10,2,0,131,110,175,0,1,0,0,96,28,33,0,0,4,0,0,1,4
EarTrumpet (C#),2,20,1,4,5,0,0,0,0,5,113,0,0,0,4,0,0,3,0,27,0,0,0,0,1,0,4,3,0,0,39,0,3,3,9,0,1,0,3,0,0,0,3,0,1,0,0,0,27,1,0,1,0,0,0,0,0,0,0,0,0,0,6,0,121,0,16,0,16,0,0,0,0,0,0,1,17,0,0,0,0,0,0,1,4,0,0,0,0,0,0,9,0,0,33,0,5,0,0,9,22,25,0,1,0,0,14,2,3,0,0,2,0,0,0,0
BililiveRecorder (C#),0,13,0,0,7,0,0,0,0,0,199,0,0,0,2,0,0,0,0,21,0,1,0,0,2,0,0,2,0,0,28,0,0,0,0,5,0,0,1,0,0,0,6,0,0,0,0,0,4,6,0,0,0,3,0,0,0,0,0,0,0,0,0,0,60,0,2,0,1,0,0,0,0,0,0,1,34,0,0,0,0,2,0,1,2,0,0,0,6,2,0,8,0,0,8,0,1,1,0,0,32,53,0,1,0,0,11,0,13,0,0,0,0,0,0,0
cake (C#),0,35,0,7,41,0,0,0,0,15,673,0,0,1,41,0,0,5,0,76,0,1,0,0,11,0,0,18,4,12,106,90,63,2,0,4,13,0,68,0,0,0,7,1,11,0,0,1,12,6,0,2,0,5,2,0,0,0,0,7,0,0,0,0,298,0,3,0,51,0,0,0,9,0,0,17,218,0,15,0,2,0,0,36,34,0,1,0,4,0,0,18,0,0,24,0,0,2,0,1,9,232,0,0,0,0,23,5,161,0,0,3,0,3,0,37
StabilityMatrix (C#),1,40,0,3,22,0,0,0,3,19,294,0,0,0,13,0,0,3,0,175,0,0,0,0,7,0,2,30,0,1,77,3,18,1,0,4,6,1,8,0,0,0,5,1,11,0,2,0,83,14,0,1,0,3,6,0,0,1,0,2,0,0,1,0,210,0,7,0,8,0,0,0,3,0,0,2,74,0,3,0,0,1,0,3,3,0,0,1,2,0,0,58,0,0,23,0,4,6,0,0,116,90,0,0,0,0,32,1,14,0,0,1,0,0,1,4
reactive (C#),0,78,1,0,250,0,0,0,1,21,1023,0,0,0,17,1,0,4,0,877,0,0,0,1,5,0,11,13,43,2,372,36,9,1,0,13,73,5,7,0,0,0,6,0,4,0,1,0,203,32,0,2,0,19,22,5,0,0,0,4,0,0,0,0,546,0,2,0,51,0,0,0,217,0,1,36,2498,0,219,4,0,0,0,47,11,0,0,0,8,0,1,31,0,0,228,0,5,1,0,87,87,949,0,0,0,0,257,0,33,0,0,2,0,0,1,0
ParrelSync (C#),0,1,0,1,0,0,0,0,0,0,8,0,0,0,0,0,0,0,0,2,0,0,0,1,0,0,0,0,0,0,2,0,0,0,0,0,0,0,0,0,0,0,0,0,0,0,0,0,1,0,0,0,0,0,0,0,0,0,0,0,0,0,0,0,2,0,0,0,1,0,0,0,0,0,0,0,0,0,0,0,0,0,0,0,2,0,0,0,0,0,0,0,0,0,4,0,0,0,0,0,0,0,0,1,0,0,0,0,0,0,0,0,0,0,0,0
WingetUI (C#),0,16,0,9,4,0,0,0,1,19,118,0,0,2,1,0,0,2,0,61,0,0,0,2,1,0,3,3,0,0,40,2,10,2,1,0,2,0,12,0,0,0,1,0,2,0,0,0,47,10,0,4,0,4,1,0,0,0,0,0,1,0,0,0,69,0,1,0,13,0,0,0,22,0,0,8,58,0,0,0,1,0,0,4,9,0,0,0,1,0,1,27,0,0,20,0,3,2,0,0,36,79,0,0,0,0,4,2,8,0,0,0,0,0,0,2
LiveCharts2 (C#),8,184,1,8,23,0,0,0,0,12,1375,0,0,0,7,0,0,1,0,99,0,3,0,0,9,0,4,17,9,15,288,42,12,5,0,14,9,2,2,0,0,0,1,0,4,0,0,0,251,25,0,9,0,2,5,0,0,0,0,0,0,0,3,0,329,0,19,0,3,0,0,0,2,0,0,4,145,0,7,0,0,0,0,0,21,0,0,0,30,6,0,36,0,0,141,0,7,4,0,2,28,93,0,0,0,0,18,1,102,0,0,0,0,20,1,12
MvvmCross (C#),3,223,1,5,18,0,0,0,2,22,1231,0,0,1,57,0,0,11,0,302,0,3,0,0,27,0,6,4,0,30,532,14,49,2,12,4,6,1,23,0,0,0,14,0,45,0,0,0,81,20,0,2,0,8,18,0,0,4,0,6,1,0,2,0,749,0,21,0,15,0,0,0,17,0,0,120,254,0,92,5,0,1,0,2,22,0,0,0,4,0,0,368,0,0,91,0,6,0,0,3,63,380,0,2,0,0,160,12,36,0,0,6,0,0,1,8
ReactiveUI (C#),0,17,1,0,2,0,0,0,0,2,341,0,0,0,7,0,0,2,0,74,0,0,0,0,0,0,0,1,0,0,117,1,0,0,0,2,0,0,3,0,0,0,0,0,0,0,0,0,8,2,0,0,0,6,0,0,0,0,0,1,0,0,0,0,29,0,0,0,1,0,0,0,6,0,0,5,282,0,0,0,0,0,0,1,7,0,0,0,1,0,1,21,0,0,31,0,1,1,0,6,5,37,0,0,0,0,14,0,0,0,0,2,0,0,3,0
Dapper (C#),0,3,0,1,1,0,0,0,0,2,65,0,0,0,2,0,0,2,0,238,0,0,0,0,1,0,0,1,3,0,36,1,9,0,0,0,0,0,4,0,0,0,0,0,0,0,0,0,4,5,0,0,0,1,0,0,0,0,0,0,0,0,0,0,17,0,1,0,0,0,0,0,2,0,0,2,87,0,0,0,0,0,0,0,4,0,0,0,0,0,0,10,0,0,12,0,0,0,0,2,14,112,0,0,0,0,6,0,6,0,0,1,0,1,0,0
RestSharp (C#),0,3,0,0,2,0,0,0,0,3,19,0,0,1,0,0,0,0,0,1,0,0,0,0,6,0,0,7,0,1,2,0,0,0,0,0,0,0,1,0,0,0,0,0,0,0,0,0,2,0,0,0,0,0,0,0,0,0,0,1,1,0,0,0,5,0,1,0,1,0,0,0,0,0,0,0,1,0,0,0,0,0,0,0,3,0,0,0,4,0,0,1,0,0,1,0,0,0,0,0,0,13,0,0,0,0,2,0,1,0,0,0,0,0,0,0
QRCoder (C#),0,2,0,1,1,0,0,0,0,1,38,0,0,0,0,0,0,0,0,8,0,0,0,0,0,0,0,1,0,0,2,1,3,0,0,0,0,0,2,0,0,0,0,0,2,0,0,0,4,1,0,0,0,2,2,0,0,0,0,0,0,0,0,0,10,0,0,0,7,0,0,0,12,0,0,0,285,0,0,0,0,0,0,0,4,0,0,0,1,0,0,1,0,0,13,0,0,0,0,0,0,24,0,0,0,0,2,0,1,0,0,0,0,0,1,0
Snap.Hutao (C#),1,41,1,5,43,0,0,0,0,48,316,0,0,1,17,0,0,11,0,101,0,0,0,0,8,0,0,10,0,1,75,6,19,5,3,8,6,2,5,0,0,1,10,0,6,0,0,0,46,2,0,1,0,2,2,0,0,0,0,3,0,0,0,0,78,0,3,0,16,0,0,0,6,0,2,1,120,0,0,0,1,0,0,0,7,0,0,6,3,1,0,31,0,0,15,0,2,0,0,9,132,162,2,1,0,0,4,5,9,0,0,0,0,2,1,3
aspire (C#),0,38,1,5,7,0,0,0,0,13,218,0,0,0,6,0,0,8,0,225,0,0,0,0,1,0,15,24,1,3,50,8,6,0,0,4,1,1,3,0,0,2,5,0,4,0,0,0,22,1,0,4,0,3,3,0,0,0,0,3,1,0,2,0,64,0,6,0,2,0,0,0,5,0,0,4,475,0,2,0,0,0,0,3,4,0,0,1,0,3,0,11,0,0,25,0,1,1,0,6,66,51,0,2,0,0,24,0,166,0,0,5,0,2,1,1
GalaxyBudsClient (C#),2,115,0,42,45,0,0,0,9,85,477,0,0,1,45,0,0,21,1,226,0,8,0,4,14,0,81,10,8,2,255,48,70,1,20,17,13,1,34,0,0,0,20,0,59,0,0,0,76,125,0,7,1,4,5,4,0,2,2,1,0,0,4,0,296,0,17,0,56,0,0,0,178,0,0,120,45,1,19,2,0,2,1,7,14,0,0,2,2,2,0,66,0,0,203,0,0,3,0,9,38,251,0,1,0,0,48,48,16,0,1,3,0,3,9,0
GameFramework (C#),0,13,0,35,3,0,0,0,0,6,140,0,0,0,37,0,0,2,0,28,0,0,0,6,0,0,0,2,0,0,88,4,17,0,0,1,0,0,4,0,0,0,28,0,6,0,0,0,12,0,0,0,0,0,0,0,0,0,0,0,0,0,0,0,63,0,1,0,45,0,0,0,105,0,0,52,2,0,0,0,0,0,0,0,3,0,0,0,1,0,0,2,0,0,52,0,0,0,0,0,0,131,0,0,0,0,14,6,13,0,0,1,0,0,1,0
acat (C#),6,169,21,13,10,0,0,0,0,51,532,0,0,0,161,0,0,61,0,243,0,12,0,3,2,0,3,5,1,2,798,10,161,4,0,5,2,0,9,0,0,0,132,0,38,0,0,4,168,1,0,2,0,5,3,1,0,0,0,1,0,0,3,0,752,0,23,0,43,0,0,0,68,0,0,209,113,1,25,1,0,2,2,1,26,0,0,6,4,2,1,99,0,0,184,0,6,1,0,9,19,118,0,27,0,0,131,30,31,0,0,19,0,5,4,3
command-line-api (C#),0,17,0,0,2,0,0,0,0,6,190,0,0,0,13,0,0,0,0,68,0,0,0,0,0,0,0,9,0,1,37,2,13,1,1,1,3,0,0,0,0,0,9,0,3,0,0,0,10,0,0,1,0,3,1,0,0,0,0,0,0,0,0,0,134,0,4,0,4,0,0,0,1,0,0,0,558,0,1,0,0,0,0,1,3,0,0,0,2,0,0,9,0,0,9,0,2,1,0,1,7,26,0,1,0,0,21,2,50,0,0,1,0,0,0,0
DriverStoreExplorer (C#),0,6,0,1,2,0,0,0,0,1,15,0,0,0,0,0,0,2,0,9,0,0,0,0,0,0,0,0,0,0,8,0,3,0,0,0,0,0,1,0,0,0,3,0,4,0,0,0,6,0,0,0,0,2,0,0,0,0,0,0,0,0,0,0,11,0,1,0,1,0,0,0,1,0,0,1,2,0,0,0,0,0,0,0,1,0,0,0,0,0,0,0,0,0,4,0,0,0,0,0,3,1,0,0,0,0,0,1,2,0,0,0,0,0,0,0
modular-monolith-with-ddd (C#),0,23,0,1,3,0,0,0,0,4,662,0,0,0,10,0,0,0,0,124,0,0,0,0,0,0,0,8,0,3,26,4,2,4,0,0,0,0,3,0,0,0,3,0,0,0,0,0,6,16,0,0,0,1,0,0,0,0,0,0,0,0,0,0,78,0,0,0,3,0,0,0,1,0,0,2,191,0,0,0,0,0,0,1,7,0,0,0,0,0,0,21,0,0,4,0,0,0,0,0,185,153,0,0,0,0,10,6,31,0,0,2,0,0,0,0
Power-Fx (C#),1,24,14,13,96,0,0,0,1,43,956,0,3,0,317,0,0,30,0,393,0,0,0,2,21,0,59,32,5,11,109,31,93,22,0,11,11,2,21,0,0,0,27,0,32,0,2,1,46,75,1,3,0,17,12,0,0,3,0,11,0,0,1,0,300,0,0,0,56,1,0,0,49,0,3,37,695,1,17,2,2,2,0,10,97,0,1,1,12,0,0,121,0,0,23,0,5,3,0,0,97,299,5,2,0,0,90,13,204,1,0,24,0,1,5,194
PowerShell (C#),14,1026,15,198,387,0,0,0,29,328,2564,0,3,6,351,0,0,69,36,868,0,12,0,21,71,0,71,74,30,35,1393,65,486,29,20,82,70,6,270,4,0,2,203,10,332,0,17,9,381,138,0,23,0,47,30,1,0,19,0,26,3,1,7,2,2477,0,107,0,284,0,3,0,958,0,11,1195,279,3,47,15,10,13,1,67,327,0,3,8,51,9,6,619,0,2,960,0,13,24,0,159,281,1775,6,13,0,0,138,194,130,0,2,43,5,22,16,11
Winpilot (C#),0,2,0,0,1,0,0,0,0,0,51,0,0,0,7,0,0,26,0,4,0,0,0,0,0,0,0,0,0,0,19,0,20,0,0,1,0,0,1,0,0,0,57,0,0,0,0,0,1,0,0,0,0,0,0,0,0,0,0,0,0,0,0,0,14,0,1,0,0,0,0,0,0,0,0,0,7,0,0,0,0,0,0,0,1,0,0,0,0,0,0,3,0,0,0,0,0,0,0,0,15,9,0,0,0,0,2,0,2,0,0,0,0,0,0,0
protobuf-net (C#),4,149,2,19,9,0,0,0,2,91,436,0,0,1,31,0,0,3,0,752,0,1,0,1,8,0,4,18,4,2,99,1,56,3,0,7,8,0,4,0,0,1,35,0,9,0,0,6,100,12,1,6,0,11,8,0,0,1,9,3,0,0,2,2,281,12,15,0,41,0,0,0,377,0,10,214,737,0,5,6,3,2,0,0,22,0,0,1,2,0,0,62,0,0,288,0,1,2,0,179,88,140,0,2,0,0,89,19,108,0,0,5,0,0,0,7
TensorFlow.NET (C#),0,762,0,18,42,0,0,0,4,377,763,0,2,0,312,3,0,4,0,294,0,1,0,3,9,0,12,359,0,9,168,17,26,1,2,8,299,1,18,1,0,1,12,1,60,0,1,2,48,47,0,3,0,21,15,1,0,3,164,2,0,0,0,122,879,0,8,0,588,0,0,0,590,0,10,540,301,0,14,4,1,1,0,6,33,0,0,0,15,0,0,367,0,0,846,0,4,7,0,14,52,257,1,0,0,0,92,8,82,0,0,7,0,2,6,3
N_m3u8DL-RE (C#),0,7,0,0,3,0,0,0,0,6,27,0,0,0,3,0,0,0,0,6,0,1,0,0,2,0,2,0,0,0,13,1,5,1,1,2,3,0,4,0,0,0,0,0,0,0,0,0,4,2,0,0,0,1,0,0,0,1,0,0,0,0,0,0,3,0,0,0,19,0,0,0,1,0,0,0,12,0,0,0,0,0,0,0,4,0,0,0,1,0,0,0,0,0,4,0,0,0,0,0,13,17,0,0,0,0,0,0,2,0,0,0,0,0,0,0
hashids.net (C#),0,0,0,0,0,0,0,0,0,0,5,0,0,0,2,0,0,0,0,3,0,0,0,0,0,0,0,0,0,0,21,0,0,0,0,0,0,0,0,0,0,0,0,0,1,0,0,0,0,0,0,0,0,0,0,0,0,0,0,0,0,0,0,0,11,0,0,0,4,0,0,0,0,0,0,0,23,0,0,0,0,0,0,0,1,0,0,0,0,0,0,0,0,0,0,0,0,0,0,0,0,11,0,0,0,0,0,0,0,0,0,0,0,0,0,0
ScottPlot (C#),4,103,0,25,44,0,0,0,0,85,480,0,1,2,5,0,0,6,0,202,0,2,0,1,7,0,2,3,2,3,375,28,40,3,0,1,23,0,88,0,0,1,4,0,13,0,0,2,103,2,0,10,0,9,4,0,0,1,0,1,0,0,2,0,476,0,8,0,52,0,0,0,5,0,11,36,1027,0,37,0,3,1,0,8,32,0,0,3,7,2,0,41,0,0,83,0,17,1,0,13,22,67,0,5,0,0,51,2,105,0,0,3,0,0,1,8
AssetRipper (C#),2,30,6,9,13,0,0,0,0,40,654,0,0,0,65,0,0,40,0,193,0,6,0,0,2,0,13,12,15,1,94,3,36,15,4,6,4,1,12,0,0,3,23,0,5,0,0,0,60,35,0,2,0,4,1,0,0,3,0,4,0,0,1,1,248,0,11,0,25,0,0,0,19,0,1,9,86,0,2,2,2,3,0,9,30,0,0,1,5,0,1,45,0,0,19,0,9,1,0,6,0,89,0,1,0,0,29,15,35,0,0,15,0,5,1,0
wpfui (C#),0,19,0,4,2,0,0,0,0,5,186,0,0,0,13,1,0,5,0,71,0,0,0,0,0,0,4,7,0,3,41,3,9,2,1,1,0,0,5,0,0,0,6,0,0,0,2,0,61,24,0,0,0,2,5,0,0,1,0,1,0,0,1,0,75,0,4,0,3,0,0,0,8,0,0,2,19,0,5,0,0,0,0,1,1,0,0,0,0,0,0,37,0,0,31,0,0,1,0,1,15,29,0,0,0,0,36,0,6,0,0,1,0,1,0,3
WinDynamicDesktop (C#),0,5,0,0,1,0,0,0,0,2,36,0,0,0,1,0,0,1,0,23,0,0,0,0,0,0,0,0,0,0,27,0,4,0,0,0,0,0,0,0,0,0,1,0,0,0,0,0,9,0,0,0,0,0,0,0,0,0,0,0,0,0,0,0,42,0,1,0,1,0,0,0,0,0,0,0,7,0,0,0,0,0,0,1,0,0,0,1,0,0,0,5,0,0,3,0,1,1,0,0,0,1,0,0,0,0,1,0,4,0,0,0,0,0,0,0
NSwag (C#),0,29,0,78,10,0,0,0,0,17,142,0,0,1,27,0,0,1,0,87,0,0,0,1,1,0,0,12,0,0,12,3,5,0,0,3,0,0,6,0,0,0,6,0,20,0,1,0,16,3,0,0,0,1,2,0,0,0,0,0,0,0,1,0,56,0,4,0,10,0,0,0,8,0,0,10,328,0,7,0,0,0,0,0,7,0,0,0,0,1,0,12,0,0,166,0,0,1,0,3,63,66,0,0,0,0,19,81,11,0,0,1,0,0,1,5
Swashbuckle.AspNetCore (C#),0,1,0,0,5,0,0,0,0,5,91,0,0,0,10,0,0,0,0,62,0,0,0,0,2,0,8,4,0,0,2,0,1,0,0,0,2,0,1,0,0,0,0,0,1,0,0,0,3,10,0,0,0,2,24,0,0,0,0,0,0,0,0,0,83,0,11,0,0,0,0,0,0,0,0,0,202,0,9,0,0,0,0,0,0,0,0,0,1,1,0,22,0,0,5,0,1,0,0,0,12,20,0,0,0,0,52,0,4,0,0,2,0,0,0,7
nvidiaProfileInspector (C#),0,7,0,1,4,0,0,0,0,11,33,0,0,0,4,0,0,1,0,25,0,0,0,0,0,0,0,0,0,0,35,0,10,0,1,0,0,0,4,0,0,0,1,0,3,0,0,0,7,0,0,1,0,2,1,0,0,0,0,0,0,0,0,0,73,0,8,0,13,0,0,0,2,0,0,1,10,0,0,0,0,0,0,0,1,0,0,0,0,0,0,10,0,0,8,0,4,2,0,6,4,41,0,0,0,0,2,0,6,0,0,0,0,0,0,0
FASTER (C#),6,80,10,23,12,0,0,0,0,33,313,0,0,2,104,1,0,41,0,242,0,8,0,1,1,0,2,73,2,3,335,6,32,3,4,6,6,2,3,0,0,1,41,1,31,0,0,3,86,19,0,5,0,0,1,0,0,0,1,3,0,0,4,0,401,0,60,0,44,0,0,0,16,0,0,38,97,0,0,0,2,0,0,2,29,0,0,12,1,1,0,207,0,0,80,0,15,1,0,2,81,131,1,2,0,0,117,11,56,0,0,11,0,1,2,0
EntityComponentSystemSamples (C#),14,93,3,1,6,0,0,0,0,9,42,0,0,0,9,0,0,3,0,211,0,3,0,0,1,0,0,2,1,1,122,3,8,1,0,5,0,0,1,0,0,0,6,1,4,0,0,0,40,0,0,4,0,6,7,0,0,0,2,1,0,0,6,0,274,0,43,0,1,0,0,0,3,0,0,1,319,0,1,0,0,1,1,2,9,0,0,11,2,3,0,16,0,0,65,0,3,0,0,4,1,27,0,1,0,0,43,4,40,0,0,0,0,0,0,1
ViVe (C#),0,8,0,1,0,0,0,0,0,0,2,0,0,0,0,0,0,0,0,0,0,0,0,0,0,0,0,0,0,0,0,0,0,0,0,0,0,0,0,0,0,0,0,0,3,0,0,0,0,0,0,0,0,0,0,0,0,0,0,0,0,0,0,0,0,0,0,0,0,0,0,0,1,0,0,5,0,0,0,0,0,0,0,0,0,0,0,0,0,0,0,0,0,0,4,0,0,0,0,0,0,0,0,0,0,0,0,3,0,0,0,0,0,0,0,0
ScreenToGif (C#),1,85,1,7,4,0,0,0,0,31,269,0,0,0,4,0,1,4,0,191,0,2,0,2,14,0,0,1,0,2,84,4,13,0,4,5,1,2,5,0,0,0,2,0,5,0,0,1,47,13,0,1,0,4,6,0,0,0,0,0,0,0,15,0,259,0,25,0,2,0,0,0,0,0,0,7,48,0,4,2,0,2,0,4,6,0,1,10,1,11,0,122,0,0,15,0,4,1,0,18,28,35,0,0,0,0,7,1,25,0,0,0,0,0,0,4
EFCore.BulkExtensions (C#),0,4,0,0,2,0,0,0,0,0,27,0,0,0,0,0,0,0,0,76,0,0,0,0,0,0,2,2,0,1,20,0,1,0,0,0,0,0,0,0,0,0,0,0,1,0,0,0,2,10,0,0,0,7,1,0,0,0,0,0,0,0,0,0,9,0,0,0,2,0,0,0,2,0,0,0,40,0,1,0,0,0,0,0,0,0,0,0,0,0,0,2,0,0,3,0,0,0,0,0,2,8,0,0,0,0,1,0,1,0,0,0,0,0,0,0
OpenRA (C#),4,404,14,54,130,0,0,1,1,56,927,0,1,0,343,2,0,30,0,202,0,5,0,3,17,0,12,558,2,5,435,684,88,32,5,19,47,5,9,0,0,0,84,7,81,0,1,5,115,13,0,18,0,15,9,3,0,1,0,10,0,0,4,1,1436,0,26,0,59,0,5,0,10,0,2,105,200,0,96,5,6,5,0,7,97,0,0,4,61,8,4,178,1,0,118,0,12,22,0,12,26,545,3,4,0,0,161,36,218,0,0,49,0,2,0,6
AspNetCore.Diagnostics.HealthChecks (C#),0,0,0,0,4,0,0,0,0,3,138,0,0,0,0,0,0,1,0,61,0,0,0,0,16,0,0,37,17,11,20,3,1,0,0,2,3,0,2,0,0,1,0,0,5,0,1,0,12,6,0,2,0,2,0,0,0,0,0,1,0,0,0,0,8,0,0,0,0,0,0,0,4,0,0,4,307,0,6,0,0,0,0,3,3,0,0,0,4,0,0,3,0,0,3,0,0,1,0,0,94,40,0,0,0,0,5,0,35,0,0,0,0,19,0,3
fluentmigrator (C#),0,238,0,4,50,0,0,0,1,15,535,0,0,0,39,0,0,6,0,315,0,0,0,0,73,0,14,44,0,86,818,26,127,0,0,1,5,4,10,0,0,0,74,0,28,0,1,0,160,12,0,1,0,9,0,0,0,0,0,0,7,0,0,0,2236,0,20,0,82,0,0,0,13,0,0,27,637,0,24,0,1,1,0,2,10,0,0,0,4,0,3,53,0,0,169,0,2,2,0,0,0,303,0,0,0,0,88,8,82,0,0,9,0,0,0,2
SteamDesktopAuthenticator (C#),0,12,0,2,0,0,0,0,0,1,12,0,0,0,1,0,0,1,0,1,0,0,0,0,0,0,0,0,0,0,19,0,1,0,0,1,0,0,0,0,0,0,4,0,0,0,0,0,3,0,0,0,0,0,0,0,0,0,0,0,0,0,0,0,56,0,0,0,1,0,0,0,0,0,0,1,5,0,0,0,0,0,0,0,0,0,0,1,1,0,0,3,0,0,3,0,0,0,0,0,2,2,0,0,0,0,1,0,0,0,0,0,0,0,0,0
AutoFixture (C#),0,19,0,0,67,0,0,0,0,19,549,0,0,0,70,0,0,8,1,1134,0,0,0,0,1,0,8,1,0,0,15,3,18,2,0,0,12,0,6,3,0,0,8,1,2,0,0,2,14,52,0,0,0,36,46,1,0,0,0,2,1,0,0,0,172,0,0,0,43,7,0,0,9,0,0,34,2261,0,13,0,0,0,0,1,6,0,0,0,2,0,1,34,0,0,9,0,0,2,0,2,3,195,2,0,0,0,89,4,38,1,0,3,0,7,1,1
refit (C#),0,4,0,0,1,0,0,0,0,7,45,0,0,0,1,0,0,0,0,17,0,0,0,0,2,0,0,1,0,0,2,0,1,0,0,0,1,0,1,0,0,0,0,0,2,0,0,0,11,0,0,0,0,1,0,0,0,1,0,1,0,0,0,0,2,0,0,0,0,0,0,0,0,0,0,1,240,0,2,0,0,0,0,0,1,0,0,0,1,0,0,3,0,0,1,0,1,0,0,0,13,16,0,0,0,0,0,0,5,0,0,0,0,0,0,0
WTM (C#),0,0,0,1,0,0,0,0,0,0,3,0,0,0,0,0,0,0,0,0,0,0,0,0,0,0,0,1,0,0,0,0,0,0,0,0,0,0,0,0,0,0,0,0,0,0,0,0,0,0,0,0,0,0,0,0,0,0,0,0,0,0,0,0,0,0,0,0,0,0,0,0,0,0,0,0,0,0,1,0,0,0,0,0,0,0,0,0,0,0,0,0,0,0,0,0,0,0,0,0,0,1,0,0,0,0,0,0,0,0,0,0,0,0,0,0
Autofac (C#),0,42,0,0,4,0,0,0,0,8,193,0,0,0,16,0,0,3,0,198,0,0,0,0,23,0,3,5,0,3,44,3,10,1,0,1,2,0,7,0,0,0,6,0,1,0,0,0,11,1,0,0,0,3,1,0,0,1,0,2,0,0,0,0,101,0,3,0,9,0,0,0,2,1,0,10,764,0,0,0,0,0,0,3,2,0,0,0,2,0,0,3,0,0,7,0,0,3,0,0,7,68,0,0,0,0,23,2,26,0,0,2,0,1,1,0
basic-computer-games (C#),0,21,5,9,3,0,0,0,0,19,278,0,0,1,30,0,0,4,0,152,0,0,0,2,1,0,0,1,3,2,263,3,37,0,0,12,3,1,8,1,0,0,11,0,17,0,0,3,36,2,0,4,0,4,0,0,0,0,0,0,2,0,0,0,124,0,4,0,87,0,0,0,41,0,0,11,56,0,0,0,2,1,0,3,17,0,0,0,1,1,0,16,0,0,53,0,4,1,0,0,3,99,1,6,0,0,3,6,12,0,0,2,0,8,0,0
Magick.NET (C#),0,25,11,3,13,0,0,0,0,10,390,0,1,0,35,0,0,7,1,93,0,0,0,0,11,0,1,13,3,0,50,16,0,1,0,6,5,0,1,0,0,0,3,0,14,0,0,3,18,1,0,1,0,16,0,1,0,0,0,7,1,0,0,0,122,0,3,0,26,0,0,0,2,0,0,1,16,0,0,1,0,1,0,5,8,0,0,0,0,0,0,4,0,0,19,0,6,1,0,1,5,64,1,2,0,0,3,6,9,0,0,9,0,0,1,0
Radarr (C#),0,113,0,13,376,0,0,0,0,38,1359,0,0,1,136,0,0,10,0,749,0,3,0,2,6,0,9,47,7,8,868,24,54,9,0,2,7,7,145,0,0,0,54,3,5,0,1,1,176,27,0,1,0,41,18,0,0,7,0,4,0,1,1,0,1487,0,28,0,91,0,0,0,27,0,1,10,661,0,58,1,6,1,0,10,29,0,0,4,11,0,0,86,0,0,266,0,1,2,0,48,110,974,0,0,0,0,43,5,94,0,0,9,0,6,0,28
v2rayN (C#),1,17,0,0,3,0,0,0,0,5,49,0,0,1,0,0,0,1,0,68,0,0,0,0,0,0,0,0,0,0,48,0,1,1,1,1,0,0,0,0,0,0,1,0,1,0,0,1,13,3,0,0,0,2,0,0,0,0,0,0,0,0,1,0,69,0,3,0,7,0,0,0,1,0,0,1,21,0,1,0,0,0,0,0,3,0,0,0,0,0,0,7,0,0,7,0,0,0,0,0,8,48,0,0,0,0,0,2,1,0,0,0,0,0,0,0
AICommand (C#),0,0,0,0,0,0,0,0,0,0,1,0,0,0,0,0,0,0,0,0,0,0,0,0,0,0,0,0,0,0,0,0,0,0,0,0,0,0,0,0,0,0,0,0,0,0,0,0,1,0,0,0,0,0,0,0,0,0,0,0,0,0,0,0,1,0,0,0,0,0,0,0,0,0,0,0,1,0,0,0,0,0,0,0,0,0,0,0,0,0,0,0,0,0,1,0,0,0,0,0,0,0,0,0,0,0,0,0,1,0,0,0,0,0,0,0
grpc-dotnet (C#),2,55,1,6,39,0,0,0,3,43,388,0,0,0,26,0,0,0,0,209,0,1,0,3,3,0,23,23,0,5,100,21,12,4,0,10,12,0,9,0,0,0,3,0,18,0,2,1,29,47,0,2,0,21,10,0,0,1,5,2,0,0,1,3,181,0,0,0,27,0,0,0,27,0,0,40,573,0,16,1,0,2,0,5,13,0,0,1,4,1,1,35,0,0,63,0,6,5,0,6,211,300,0,2,0,0,37,7,63,0,0,2,0,2,0,4
N_m3u8DL-CLI (C#),0,3,0,0,0,0,0,0,0,0,5,0,0,0,0,0,0,0,0,0,0,1,0,0,0,0,0,0,0,0,15,0,0,0,1,0,0,0,0,0,0,0,0,0,0,0,0,0,0,0,0,0,0,0,0,0,0,0,0,0,0,0,0,0,4,0,0,0,6,0,0,0,1,0,0,0,0,0,0,0,0,0,0,0,0,0,0,0,0,0,0,0,0,0,1,0,0,0,0,0,3,0,0,0,0,0,0,1,0,0,0,0,0,0,0,0
puppeteer-sharp (C#),0,55,0,0,5,0,0,0,0,8,261,0,0,0,9,1,0,0,0,90,0,0,0,0,2,0,0,8,0,2,37,2,3,0,2,19,2,1,4,0,0,0,3,1,3,0,0,0,13,1,0,0,0,2,4,0,0,0,0,0,0,0,0,0,74,0,1,0,1,0,0,0,0,0,0,3,74,1,0,1,0,0,0,0,4,0,0,0,2,1,0,12,0,0,12,0,0,2,0,2,769,133,0,0,0,0,4,1,14,0,0,1,0,2,1,0
MahApps.Metro (C#),0,38,0,2,7,0,0,0,0,11,206,0,0,0,9,0,0,2,0,40,0,0,0,0,2,0,0,9,0,0,116,8,12,2,0,6,1,1,1,0,0,0,4,0,13,0,0,0,45,11,0,1,0,1,3,0,0,0,0,3,0,0,2,0,231,0,31,0,4,0,0,0,1,0,0,7,59,0,16,0,0,0,0,0,7,0,0,1,0,2,0,57,0,1,27,0,3,1,0,2,78,55,0,0,0,0,18,2,4,0,0,1,0,0,0,1
Digital-Logic-Sim (C#),0,31,0,5,2,0,0,0,0,4,18,0,0,0,7,0,0,2,0,25,0,1,0,0,1,0,0,0,0,0,188,1,4,2,0,6,0,1,4,0,0,0,2,0,1,0,0,0,26,0,0,2,0,2,0,0,0,0,0,0,0,0,2,0,142,0,11,0,3,0,0,0,1,0,0,3,7,0,5,0,1,1,0,0,3,0,0,0,0,0,0,3,0,0,39,0,3,1,0,0,0,17,0,0,0,0,4,3,9,0,0,2,0,0,0,0
blazor-starter-kit (C#),0,8,0,0,4,0,0,0,0,0,56,0,0,0,1,0,0,7,0,6,0,0,0,0,0,0,0,28,0,0,1,0,0,0,0,2,0,0,1,0,0,0,0,0,0,0,0,0,3,0,0,0,0,0,0,0,0,0,0,0,0,0,0,0,2,0,0,0,0,0,0,0,0,0,0,0,3,0,0,0,0,0,0,0,0,0,0,0,0,0,0,3,0,0,2,0,0,0,0,0,37,91,0,0,0,0,0,0,0,0,0,0,0,0,0,1
kudu (C#),0,16,2,26,49,0,0,0,1,78,336,0,0,0,44,0,0,8,0,295,0,0,0,1,7,0,24,11,9,5,155,4,57,0,0,4,15,2,23,0,0,0,24,1,20,0,0,1,29,18,0,3,0,13,6,0,0,0,1,1,1,0,0,0,193,0,10,0,54,0,0,0,40,0,0,40,297,0,4,0,0,2,0,3,14,0,0,1,5,0,1,56,0,0,38,0,3,2,0,4,69,322,0,3,0,0,26,13,28,0,0,7,0,2,1,2
qttabbar (C#),0,4,0,2,0,0,0,0,0,1,3,0,0,0,1,0,0,0,0,2,0,0,0,0,0,0,0,0,0,0,7,0,4,0,0,0,0,0,0,0,0,1,0,0,1,0,0,0,0,0,0,0,0,0,0,0,0,0,0,0,0,0,0,0,7,0,2,0,0,0,0,0,2,0,0,2,0,0,0,0,0,0,0,0,0,0,0,0,0,0,0,2,0,0,2,0,0,0,0,0,0,1,0,0,0,0,9,0,1,0,0,0,0,0,1,0
ImageSharp (C#),11,32,17,11,88,0,0,0,0,102,819,0,0,4,97,2,0,17,0,896,1,3,0,2,17,0,3,109,3,1,549,8,10,3,3,5,14,10,13,0,0,6,56,1,5,0,0,7,252,6,0,3,0,5,7,0,0,1,0,8,1,0,1,0,569,0,16,0,101,3,0,0,3,0,1,2,842,0,3,1,2,1,0,5,23,0,0,1,6,1,0,11,0,0,96,0,5,2,0,7,9,331,0,15,0,0,41,8,310,0,0,4,0,0,1,0
Ryujinx (C#),8,373,20,102,160,0,0,0,1,332,1707,0,2,6,205,0,0,76,1,1194,0,13,0,2,14,0,34,68,5,5,2175,65,133,26,8,131,32,3,38,0,0,2,193,2,170,0,0,15,373,76,1,19,0,5,12,0,0,5,0,30,0,0,14,5,1669,0,59,0,204,0,2,0,85,0,7,77,422,3,22,8,8,6,1,8,133,0,2,5,6,3,2,137,0,0,488,0,19,27,0,32,28,1993,3,23,0,1,103,137,114,0,1,33,0,7,4,3
opentk (C#),0,26,1,19,3,0,0,0,0,99,271,0,0,0,69,0,0,13,0,73,0,2,0,2,0,0,0,16,4,0,47,10,15,19,2,0,0,0,0,0,0,9,44,0,19,0,0,1,15,1,0,1,0,2,2,0,0,2,0,8,0,0,0,0,75,0,6,0,90,0,0,0,38,0,1,13,12,0,4,0,0,2,0,1,84,0,0,0,0,3,0,107,0,0,78,0,3,1,0,162,194,79,1,0,0,0,3,38,4,0,0,0,0,0,0,0
ink (C#),0,26,0,26,59,0,0,0,3,13,108,0,0,4,14,0,0,2,0,48,0,2,0,5,14,0,4,12,2,3,54,6,47,5,0,6,0,1,10,0,0,0,13,0,19,0,3,0,2,2,0,2,0,3,4,0,0,2,0,3,0,0,0,0,111,0,1,0,43,0,0,0,18,0,0,24,178,0,0,5,0,1,0,16,8,0,0,0,6,1,0,36,0,0,21,0,1,8,0,5,6,94,7,1,0,0,2,24,16,2,0,4,0,2,1,0
MagicOnion (C#),0,37,4,3,93,0,0,0,2,25,782,0,2,0,22,0,0,4,0,308,0,0,0,0,7,0,2,26,0,1,83,10,33,0,0,17,2,5,20,0,0,0,4,2,2,0,0,0,22,39,0,5,0,88,4,0,0,0,0,11,0,0,0,0,178,0,2,0,5,0,0,0,4,0,2,14,790,0,41,0,0,0,0,1,4,0,0,0,12,2,0,191,0,0,20,0,4,25,0,0,151,126,1,0,0,0,13,0,66,0,0,8,0,0,0,1
NoteHighlight2016 (C#),0,8,0,8,0,0,0,0,0,1,12,0,0,0,0,0,0,0,0,16,0,1,0,0,0,0,3,0,0,2,7,0,2,0,0,1,0,0,0,0,0,0,0,0,3,0,0,0,3,0,0,0,0,1,0,0,0,0,0,0,0,0,0,0,10,0,0,0,3,0,0,0,1,0,0,2,9,0,1,0,0,0,0,0,2,0,0,0,0,1,0,4,0,0,19,0,0,0,0,0,0,1,0,0,0,0,5,12,3,0,0,1,0,0,0,0
NAudio (C#),0,80,1,94,6,0,0,0,12,52,416,0,0,1,16,1,0,5,0,186,0,2,0,4,10,0,22,29,3,2,389,8,92,3,23,11,4,0,13,0,0,3,11,0,22,0,3,24,59,14,0,2,0,1,5,0,0,2,0,0,0,0,0,0,311,0,8,0,104,0,0,0,122,0,1,70,164,0,21,0,0,1,2,0,9,0,0,2,1,0,0,27,0,0,223,0,2,1,0,51,16,65,0,9,0,0,28,30,21,1,0,0,0,1,2,2
better-genshin-impact (C#),0,0,0,1,3,0,0,0,0,0,27,0,0,0,3,0,0,1,0,23,0,0,0,0,2,0,0,0,1,0,8,2,1,0,0,1,0,2,0,0,0,0,1,0,0,0,0,0,4,0,0,0,0,2,0,0,0,0,0,18,0,0,0,0,13,0,0,0,0,0,0,0,0,0,0,1,2,0,0,0,0,0,0,0,2,0,0,0,0,0,0,0,0,0,1,0,1,0,0,0,1,9,0,0,0,0,0,0,2,0,0,1,0,0,0,0
ImageGlass (C#),7,237,4,15,12,0,0,0,1,19,224,0,0,2,42,0,0,4,0,146,0,1,0,1,8,0,6,1,18,4,316,4,31,3,15,4,3,1,8,0,0,1,32,0,17,0,0,0,126,4,0,7,0,11,2,0,0,0,0,3,0,0,1,0,831,0,38,0,17,0,1,0,69,0,0,102,36,1,10,3,0,1,0,3,18,0,0,3,2,2,0,74,0,0,113,0,12,8,0,32,114,106,0,1,0,0,9,13,28,0,0,2,0,1,0,0
Avalonia (C#),10,418,26,57,141,0,0,0,7,304,2160,0,0,1,171,8,0,77,1,1600,0,3,0,7,33,0,16,82,25,29,671,114,138,54,11,73,47,24,41,2,0,8,81,1,75,0,6,2,614,76,0,13,0,39,38,2,0,9,1,15,0,0,18,0,1624,0,115,0,112,0,2,0,82,0,18,95,2042,0,95,11,5,8,2,13,88,0,0,19,34,7,5,205,0,3,339,0,17,18,0,52,131,555,2,7,0,1,260,65,240,0,0,17,0,2,10,5
aspnetcore (C#),0,97,3,2,31,0,0,0,5,34,520,0,0,0,34,0,0,12,1,572,0,2,0,1,11,0,3,34,0,5,267,7,15,1,0,24,2,2,9,0,0,1,17,0,14,0,0,7,75,27,0,6,0,9,9,0,0,2,1,1,0,0,0,0,561,0,6,0,10,0,0,0,7,0,0,8,948,0,10,0,0,1,1,5,30,0,0,2,5,4,2,44,0,0,63,0,10,1,0,2,249,194,1,2,0,0,39,0,151,0,0,8,0,0,0,12
Unity3DTraining (C#),0,4,0,0,3,0,0,0,0,0,0,0,0,0,0,0,0,2,0,4,0,0,0,0,0,0,0,0,0,0,19,0,0,0,0,0,1,1,0,0,0,0,0,0,0,0,0,0,8,0,0,1,0,0,1,0,0,0,0,0,0,0,0,0,10,0,0,0,1,0,0,0,0,0,0,0,0,0,0,0,0,0,0,0,0,0,0,0,0,0,0,1,0,0,12,0,1,0,0,0,0,0,0,0,0,0,0,0,1,0,0,0,0,0,0,0
UniTask (C#),0,15,1,0,82,0,0,0,3,11,203,0,0,0,19,0,0,0,0,57,0,1,0,0,2,0,2,3,0,2,94,167,5,0,1,1,3,1,6,0,0,0,7,0,5,0,1,0,11,4,0,2,0,0,0,1,0,1,0,1,0,0,0,0,77,0,3,0,9,0,0,0,3,0,0,7,113,0,0,0,0,0,0,0,0,0,0,1,1,0,0,8,1,1,13,0,0,1,0,1,37,195,2,3,0,0,13,3,11,0,0,0,0,1,1,0
PKHeX (C#),5,140,9,8,17,0,0,0,0,49,396,0,3,2,62,0,0,69,0,173,0,0,0,0,2,0,0,2,4,0,452,3,18,7,0,5,6,1,22,0,0,2,21,0,12,0,0,1,103,30,0,6,0,1,11,0,0,0,0,3,0,0,1,0,670,0,21,0,29,0,0,0,0,0,0,4,73,0,0,14,1,14,0,3,22,0,0,8,22,10,0,22,0,0,52,0,37,5,0,26,16,96,0,1,0,0,116,6,80,0,3,19,0,0,3,0
Emby.Plugins.JavScraper (C#),0,2,0,1,11,0,0,0,0,3,32,0,0,0,6,0,0,1,0,2,0,0,0,0,1,0,0,0,0,0,1,0,0,0,0,1,0,0,6,0,0,0,2,0,0,0,1,0,0,2,0,0,0,1,2,0,0,0,0,0,0,0,0,0,1,0,0,0,0,0,0,0,0,0,0,0,5,0,0,0,0,0,0,0,6,0,0,0,1,0,0,0,0,0,2,0,0,0,0,2,7,31,1,0,0,0,0,0,0,0,0,1,0,0,0,0
xdm (C#),1,80,3,1,14,0,0,0,0,21,170,0,0,0,14,0,0,5,0,186,0,0,0,0,2,0,0,0,1,0,179,3,21,5,0,1,2,2,8,0,0,0,4,0,10,0,0,0,122,6,0,8,0,2,2,0,0,0,0,0,0,0,1,0,328,0,6,0,5,0,0,0,13,0,0,11,55,0,2,0,0,0,0,6,1,0,0,2,0,1,0,31,0,0,42,0,6,1,0,14,11,47,2,6,0,0,11,0,11,0,0,1,0,0,0,3
SophiApp (C#),10,11,3,0,0,0,0,0,0,26,101,0,0,0,8,0,0,4,0,16,0,0,0,0,0,0,0,1,0,0,10,0,3,0,0,0,0,0,0,0,0,0,0,0,0,0,0,0,52,6,0,0,0,0,0,0,0,0,0,1,1,0,0,0,18,0,2,0,0,0,0,0,0,0,0,0,8,0,0,0,0,0,0,0,0,0,0,1,0,0,0,5,0,0,12,0,1,0,0,0,3,4,0,1,0,0,0,0,1,0,0,0,0,1,0,0
NaughtyAttributes (C#),0,1,0,0,1,0,0,0,0,1,45,0,0,0,1,0,0,0,0,9,0,0,0,0,0,0,0,0,0,0,2,0,12,0,0,0,0,1,0,0,0,0,0,0,0,0,1,0,9,0,0,0,0,0,0,0,0,0,0,0,0,0,0,0,16,0,6,0,2,0,0,0,17,0,0,16,14,0,0,0,0,0,0,0,1,0,0,0,0,0,0,6,0,0,3,0,0,0,0,0,0,19,0,0,0,0,0,0,0,0,0,0,0,0,0,1
DnsServer (C#),1,103,0,8,53,0,0,0,3,18,173,0,0,1,44,0,0,8,0,43,0,1,0,0,3,0,0,16,0,0,120,0,45,0,0,5,1,0,20,1,0,0,18,0,7,0,0,0,17,20,0,2,0,1,2,0,0,1,0,0,0,0,0,0,252,0,2,0,17,0,0,0,170,0,0,200,26,1,2,11,0,0,0,4,24,0,0,0,12,0,0,15,0,0,124,0,4,4,0,7,53,94,1,0,0,0,18,12,39,0,0,7,0,0,0,0
Flurl (C#),0,1,0,0,1,0,0,0,0,5,52,0,0,0,0,0,0,0,0,89,0,0,0,0,14,0,1,1,7,1,3,0,2,0,0,2,2,0,2,0,0,0,0,0,1,0,0,0,4,0,0,0,0,0,0,0,0,0,0,14,1,0,0,0,14,0,0,0,10,0,0,0,2,0,0,2,65,0,2,0,0,0,0,1,3,0,0,1,0,0,0,1,0,0,5,0,0,2,0,1,66,35,2,1,0,0,2,0,4,0,0,0,0,1,1,0
Malware-Patch (C#),0,3,0,0,0,0,0,0,0,0,20,0,0,0,1,0,0,0,0,4,0,0,0,0,0,0,0,0,0,0,6,1,0,0,0,0,0,0,0,0,0,0,1,0,0,0,0,0,1,0,0,0,0,1,0,0,0,0,0,0,0,0,0,0,7,0,0,0,0,0,0,0,0,0,0,0,0,0,0,0,0,0,0,0,0,0,0,0,0,0,0,1,0,0,15,0,1,0,0,0,0,2,0,0,0,0,2,0,2,0,0,0,0,0,0,0
RunCat_for_windows (C#),0,1,0,3,0,0,0,0,0,0,2,0,0,0,0,0,0,0,0,3,0,0,0,0,0,0,0,0,0,0,7,0,0,0,0,0,0,0,0,0,0,0,0,0,0,0,0,0,1,0,0,0,0,0,0,0,0,0,0,0,0,0,0,0,9,0,0,0,0,0,0,0,0,0,0,0,0,0,0,0,0,0,0,0,0,0,0,0,0,0,0,1,0,0,3,0,0,0,0,0,0,0,0,0,0,0,0,0,0,0,0,0,0,0,0,0
osu (C#),5,541,48,16,97,0,0,0,2,86,2345,0,2,0,385,0,0,39,0,685,0,6,0,6,8,0,12,26,1,6,2826,28,185,10,3,38,24,23,60,1,0,1,60,1,29,0,3,4,248,18,0,20,0,50,31,0,0,22,0,5,1,0,10,0,2352,0,76,1,48,0,0,0,1,0,0,4,477,0,35,10,0,2,0,10,30,0,0,2,18,7,1,116,0,0,653,0,27,7,0,48,129,297,4,8,0,0,176,10,145,0,0,14,0,1,0,21
WindowsCommunityToolkit (C#),9,205,2,37,48,0,0,0,5,398,616,0,0,5,61,0,1,50,0,931,0,4,0,3,43,0,15,10,5,9,356,29,239,11,4,17,22,6,42,2,0,0,77,0,57,0,4,0,545,36,1,5,0,14,10,3,0,6,0,17,3,0,14,0,826,0,73,0,111,0,2,0,100,0,0,82,382,4,6,4,4,2,0,13,44,0,1,4,1,6,0,188,0,0,132,0,14,17,0,25,162,343,2,3,0,0,43,48,83,0,0,3,0,8,3,2
DiscordChatExporter (C#),0,0,0,0,0,0,0,0,0,0,4,0,0,0,0,0,0,0,0,13,0,0,0,0,0,0,0,0,0,1,6,0,0,0,0,0,0,0,0,0,0,0,0,0,0,0,0,0,1,0,0,0,0,0,0,0,0,0,0,0,0,0,0,0,4,0,0,0,0,0,0,0,0,0,0,0,57,0,0,0,0,0,0,0,1,0,0,0,0,0,0,0,0,0,0,0,0,0,0,0,13,2,0,0,0,0,1,0,0,0,0,0,0,1,0,0
serilog (C#),1,6,0,0,10,0,0,0,0,5,72,0,0,0,14,0,0,4,0,216,0,0,0,0,0,0,14,10,0,0,44,1,1,3,0,2,0,0,0,0,0,0,0,0,0,0,0,0,84,63,0,5,0,1,1,1,0,0,0,12,2,0,0,0,74,0,1,0,3,0,0,0,0,0,0,1,143,0,0,0,0,3,0,0,1,0,0,0,0,1,0,3,0,0,9,0,1,3,0,0,1,31,1,0,0,0,114,1,14,0,0,0,0,0,0,0
SSH.NET (C#),0,93,1,25,54,0,0,0,1,90,530,0,6,0,31,4,0,13,4,529,0,3,0,3,25,0,24,6,27,28,1612,38,151,8,24,4,4,1,8,0,0,1,30,4,77,0,1,0,767,12,0,22,0,2,11,0,0,0,0,1,1,17,0,0,1247,0,8,0,120,0,0,0,94,0,0,64,182,0,16,0,9,2,0,1,18,0,3,2,6,1,0,53,1,1,373,0,5,6,0,4,51,186,8,0,0,0,64,35,152,0,1,1,0,52,0,1
play-games-plugin-for-unity (C#),0,20,0,7,1,0,0,0,0,3,39,0,0,0,1,0,0,1,0,32,0,0,0,0,0,0,3,1,0,1,47,3,10,0,0,0,0,0,1,0,0,0,5,0,0,0,0,0,5,0,0,0,0,0,1,0,0,0,0,0,0,0,0,0,81,0,1,0,14,0,0,0,70,0,0,28,17,0,1,0,0,0,0,1,0,0,0,0,0,0,0,5,0,0,40,0,0,1,0,0,0,22,0,0,0,0,0,14,0,0,0,0,0,0,0,0
MessagePack-CSharp (C#),0,13,4,2,94,0,0,0,0,75,472,0,1,0,55,0,0,2,0,206,0,0,0,0,1,0,2,6,0,10,82,0,46,7,0,4,25,0,13,0,0,0,48,0,4,0,0,0,83,11,0,4,0,107,2,0,0,0,0,0,0,0,0,0,261,0,2,0,16,0,0,0,10,0,0,13,572,0,21,0,0,0,0,0,5,0,0,0,10,1,0,116,0,0,34,0,0,11,0,0,14,117,0,0,0,0,3,9,78,0,0,2,0,5,0,1
jellyfin (C#),4,38,2,3,131,0,0,0,0,72,665,0,0,1,121,0,0,11,0,238,0,3,0,1,7,0,0,195,0,1,107,2,63,7,0,15,5,9,62,0,0,0,36,0,17,0,0,0,108,12,0,1,0,16,24,0,0,7,0,0,0,0,0,0,366,0,34,0,42,0,0,0,7,0,0,5,291,0,12,0,2,12,0,2,39,0,0,1,5,1,1,101,0,0,70,0,0,6,0,3,262,846,0,1,0,0,9,8,113,0,0,9,0,2,2,12
C-Sharp-Algorithms (C#),0,42,0,15,30,0,0,0,0,8,106,0,0,0,99,0,0,1,0,21,0,2,0,3,17,0,9,11,0,0,64,8,50,2,0,2,0,1,18,0,0,1,6,1,18,0,0,0,3,27,0,0,0,5,0,0,0,0,0,2,0,0,8,0,130,0,10,0,12,0,2,0,44,0,0,55,33,0,0,1,3,1,0,14,15,0,0,0,1,1,0,55,0,0,17,0,0,4,0,0,9,151,0,0,0,0,1,18,2,0,0,10,0,3,2,0
OFGB (C#),0,0,0,0,0,0,0,0,0,0,1,0,0,0,0,0,0,0,0,3,0,0,0,0,0,0,0,0,0,0,0,0,0,0,0,0,0,0,0,0,0,0,0,0,0,0,0,0,1,0,0,0,0,0,0,0,0,0,0,0,0,0,0,0,0,0,0,0,0,0,0,0,0,0,0,0,0,0,0,0,0,0,0,0,0,0,0,0,0,0,0,0,0,0,0,0,0,0,0,0,0,0,0,0,0,0,0,0,0,0,0,0,0,0,0,0
ant-design-blazor (C#),0,119,2,17,12,0,0,0,0,35,153,0,1,0,16,0,0,5,0,99,0,1,0,0,6,0,3,9,6,0,351,1,21,4,1,3,1,0,7,0,0,1,11,0,16,0,0,0,38,1,0,8,0,0,3,0,0,0,0,1,0,0,3,1,211,0,13,0,8,0,1,0,31,0,0,20,160,0,0,0,7,7,0,4,22,0,0,0,2,2,0,25,0,0,138,0,2,1,0,52,315,109,1,3,0,0,9,24,13,0,0,7,0,2,3,0
fluentui-blazor (C#),0,64,0,7,4,0,0,0,0,28,149,0,0,0,6,0,0,9,0,58,0,0,0,0,4,0,0,6,13,2,69,4,3,0,0,5,1,0,7,0,0,0,3,0,9,0,0,0,37,1,0,3,0,1,0,1,0,0,0,2,0,0,1,0,243,0,5,0,7,0,1,0,6,0,0,12,110,1,2,0,0,3,0,0,12,0,0,0,0,0,0,9,0,0,55,0,1,2,0,3,152,73,0,1,0,0,6,3,26,0,0,1,0,2,0,0
ShadowsocksR-Windows (C#),3,27,1,1,1,0,0,0,0,3,96,0,0,0,15,1,0,4,0,57,0,0,0,1,1,0,0,0,1,0,67,0,27,1,2,12,0,0,1,0,0,0,8,0,6,0,0,1,45,14,0,1,0,0,7,0,0,0,0,3,0,0,0,0,168,0,15,0,11,0,0,0,27,0,0,7,24,0,8,6,0,1,1,0,2,0,0,2,0,0,0,28,0,0,27,0,3,9,0,0,1,57,0,2,0,0,3,2,3,0,0,1,0,0,0,0
carnac (C#),0,2,1,0,3,0,0,0,1,5,34,0,0,0,4,0,0,0,0,5,0,0,0,0,0,0,0,4,0,0,7,0,1,0,0,1,0,0,0,0,0,0,2,0,0,0,0,0,6,1,0,0,0,1,0,0,0,0,0,0,0,0,0,0,17,0,0,0,2,0,1,0,8,0,2,5,2,0,1,0,0,0,0,0,0,0,0,0,1,0,0,3,0,0,0,0,0,0,0,1,8,8,1,0,0,0,1,2,14,0,0,3,0,0,0,0
FileConverter (C#),1,14,0,3,0,0,0,0,0,2,82,0,0,1,4,0,0,2,0,23,0,1,0,2,2,0,3,2,0,9,33,1,8,3,1,1,0,0,1,0,0,0,4,0,2,0,0,0,6,27,0,0,0,0,0,0,0,0,0,0,0,0,0,0,36,0,3,0,10,0,0,0,8,0,0,5,24,0,1,0,1,0,0,0,2,0,0,0,0,1,0,7,0,0,32,0,1,0,0,8,11,10,0,0,0,0,2,2,1,0,0,0,0,0,0,0
Humanizer (C#),0,1,0,0,0,0,0,0,0,1,12,0,0,1,0,0,0,0,0,170,0,1,0,0,0,0,0,0,0,0,7,0,1,0,0,0,0,0,0,0,0,0,0,5,0,0,0,0,0,0,0,0,0,0,0,0,0,0,0,0,0,0,0,0,13,0,3,0,12,0,0,0,0,0,0,0,288,0,0,0,0,3,0,0,15,0,0,0,0,0,0,17,0,0,0,0,1,9,0,0,0,21,0,0,0,0,1,0,1,0,0,0,0,0,0,0
MathUtilities (C#),2,4,0,1,1,0,0,0,0,4,21,0,0,0,2,0,0,1,0,17,0,2,0,1,0,0,0,0,1,0,113,4,4,0,0,2,1,0,1,0,0,0,1,0,0,0,0,1,22,0,0,2,0,0,2,0,0,0,0,1,0,0,1,0,46,0,2,0,2,0,0,0,1,0,0,1,5,0,1,0,0,0,0,1,0,0,0,0,0,0,0,2,0,0,41,0,0,0,0,0,4,11,0,0,0,0,3,0,6,0,0,0,0,0,0,0
sqlite-net (C#),0,3,0,0,10,0,0,0,0,5,36,0,0,0,1,0,0,0,0,98,0,0,0,1,1,0,1,1,2,0,16,3,1,0,2,2,0,0,2,0,0,0,0,0,1,0,0,0,6,1,0,0,0,1,1,0,0,0,0,0,0,0,0,0,83,0,0,0,7,0,0,0,0,0,0,3,125,0,0,0,0,0,0,3,2,0,0,0,1,0,0,2,0,0,4,0,0,0,0,0,1,79,0,0,0,0,2,1,2,0,0,0,0,0,1,0
Harmony (C#),0,5,1,0,5,0,0,0,0,5,75,0,2,1,3,0,0,1,0,61,0,0,0,1,11,0,0,1,7,8,40,0,7,0,0,5,1,1,3,0,0,0,0,0,3,0,0,4,12,0,0,0,0,1,0,0,0,0,0,3,1,1,0,0,28,0,4,0,0,0,0,0,0,0,0,1,117,0,20,0,1,0,0,0,4,0,0,0,0,0,0,0,0,0,1,0,0,1,0,0,2,21,0,0,0,0,13,0,6,0,0,0,0,5,0,0
NanUI (C#),0,0,0,0,0,0,0,0,0,0,7,0,0,0,0,0,0,0,0,2,0,0,0,0,0,0,0,0,0,0,1,0,0,0,0,0,0,0,0,0,0,0,0,0,0,0,0,0,1,0,0,0,0,0,0,0,0,0,0,0,0,0,0,0,2,0,0,0,0,0,0,0,0,0,0,0,4,0,0,0,0,0,0,0,0,0,0,0,0,0,0,0,0,0,1,0,0,0,0,0,0,0,0,0,0,0,0,0,1,0,0,0,0,0,0,0
surging (C#),3,155,1,31,34,0,0,0,3,88,730,0,0,0,133,3,0,25,0,107,0,0,0,1,46,0,15,143,13,14,193,3,24,9,0,16,6,3,59,1,0,0,22,0,35,0,8,5,34,22,0,4,0,27,9,0,0,0,28,17,8,0,0,30,465,0,14,0,164,0,0,0,273,0,58,171,169,0,6,2,2,1,0,10,25,0,13,0,9,1,6,124,0,2,263,0,1,17,0,14,252,460,2,0,0,0,54,59,25,0,0,4,0,7,3,3
Ombi (C#),0,4,0,5,96,0,0,0,0,3,216,0,0,0,1,0,0,0,0,144,0,0,0,1,7,0,1,90,1,4,57,2,1,0,0,5,0,0,32,0,0,0,4,0,1,0,0,0,0,5,0,0,0,8,8,0,0,0,0,0,0,0,0,0,56,0,0,0,0,0,0,0,0,0,0,0,322,0,1,0,0,0,0,2,11,0,0,0,0,0,0,33,0,0,24,0,0,2,0,0,505,673,0,0,0,0,16,0,4,0,0,2,0,3,0,9
aspnetboilerplate (C#),5,70,2,8,94,0,0,0,0,47,1482,0,0,0,70,0,0,3,0,538,0,0,1,0,6,0,6,28,4,35,500,17,57,0,0,20,6,2,61,0,0,0,62,2,26,0,0,1,18,47,0,7,0,33,40,0,0,4,0,8,0,0,3,0,835,0,17,0,69,0,0,0,9,0,0,57,391,0,38,1,2,1,0,9,23,0,0,1,12,0,0,125,0,0,61,0,2,4,0,1,634,1249,0,0,0,0,126,3,19,0,0,7,0,0,1,18
MarkovJunior (C#),0,0,1,1,0,0,0,0,0,1,7,0,0,0,9,0,0,0,0,0,0,1,0,0,0,0,0,0,0,0,7,0,2,0,0,0,0,0,0,0,0,0,8,0,0,0,0,0,0,0,0,0,0,0,0,0,0,0,0,0,0,0,0,0,1,0,1,0,1,0,0,0,0,0,3,0,1,0,0,0,0,0,0,0,2,0,0,0,0,0,0,0,0,0,6,0,0,0,0,0,0,1,0,1,0,0,1,1,0,0,0,1,0,0,0,0
ApplicationInspector (C#),0,0,0,0,2,0,0,0,1,1,45,0,0,0,2,0,0,0,0,12,0,0,0,0,2,0,0,2,0,0,14,0,1,0,0,0,0,0,6,0,0,0,0,0,2,0,0,0,9,1,0,0,0,1,0,0,0,0,0,0,0,0,0,0,20,0,0,0,7,0,0,0,0,0,0,0,10,0,0,0,0,0,0,5,4,0,0,0,1,0,0,1,0,0,5,0,0,0,0,1,4,15,0,0,0,0,2,0,71,0,0,0,0,0,1,1
opencvsharp (C#),6,4,2,4,43,0,0,0,0,228,434,0,20,0,27,0,0,24,0,484,0,3,0,0,52,0,11,44,12,1,295,14,9,0,2,3,37,10,42,0,0,0,72,1,7,0,0,1,169,1,0,4,0,1,2,0,0,0,0,3,0,0,0,0,165,0,12,0,342,0,0,0,3,0,0,5,74,0,0,0,0,0,0,3,20,0,0,4,2,0,0,0,0,0,8,0,1,0,0,235,21,205,0,1,0,0,3,7,28,0,0,4,0,1,65,0
NLog (C#),3,60,2,9,29,0,0,0,1,34,429,0,0,2,122,1,0,20,0,659,0,9,0,0,25,0,18,11,5,11,429,10,37,6,0,19,4,5,10,0,0,0,27,2,20,0,0,5,69,6,0,4,0,5,0,0,0,0,0,3,0,0,1,0,644,0,25,0,28,0,0,0,14,0,0,6,1101,1,4,3,5,4,0,3,31,0,1,1,7,0,7,35,0,0,58,0,2,9,0,20,34,197,1,4,0,0,32,4,101,0,0,7,0,3,1,0
MisakaTranslator (C#),0,14,0,1,1,0,0,0,0,3,67,0,0,0,4,0,0,0,0,56,0,0,0,0,0,0,0,0,0,0,22,0,5,0,6,23,0,0,1,0,0,0,10,0,0,0,0,5,14,0,0,0,0,0,0,0,0,0,0,0,0,0,2,0,96,0,4,0,5,0,0,0,19,0,0,1,48,0,0,0,0,0,0,0,0,0,0,0,0,0,0,20,0,0,22,0,4,2,0,0,6,5,0,0,0,0,3,0,7,0,0,0,0,0,0,0
spine-runtimes (C#),8,118,1,38,25,0,0,0,3,31,170,0,1,1,12,0,0,10,0,69,0,9,0,0,19,0,1,62,4,5,343,7,92,2,10,9,1,0,10,0,0,4,17,0,43,0,2,1,53,1,0,6,0,1,11,0,0,0,0,2,0,0,2,0,358,0,25,0,17,0,0,0,375,0,0,209,46,0,15,1,0,1,0,4,23,0,0,2,3,2,0,76,0,0,372,0,6,4,0,2,6,116,1,1,0,0,14,19,31,0,0,2,0,0,2,2
Covenant (C#),0,6,0,5,70,0,0,0,0,23,203,0,0,0,7,0,0,5,0,17,0,0,0,0,10,0,0,11,3,0,24,0,3,0,0,9,0,4,188,0,0,0,1,0,1,0,0,0,5,0,0,3,0,1,0,0,0,1,0,0,0,0,0,0,17,0,0,0,15,0,0,0,3,0,0,3,9,0,0,0,0,0,0,0,8,0,0,0,0,0,1,8,0,0,11,0,0,0,0,0,36,415,0,0,0,0,5,0,2,0,0,0,0,5,0,0
MaterialDesignInXamlToolkit (C#),3,45,0,1,3,0,0,0,1,14,270,0,0,1,1,1,0,6,0,88,0,0,0,0,0,0,0,9,0,0,45,1,1,0,0,2,2,1,1,0,0,0,1,2,13,0,1,0,62,12,0,0,0,5,13,0,0,1,0,0,0,0,2,0,76,0,5,0,3,0,0,0,1,0,0,6,232,0,13,1,0,6,0,5,3,0,0,0,2,0,0,32,0,0,18,0,3,1,0,2,14,15,0,0,0,0,0,0,2,0,0,0,0,0,0,1
RulesEngine (C#),0,1,0,0,4,0,0,0,0,1,30,0,0,0,4,0,0,0,0,8,0,0,0,0,1,0,0,2,0,0,2,1,0,0,0,0,1,0,1,0,0,0,2,0,1,0,0,0,1,1,0,0,0,2,1,0,0,0,0,0,0,0,0,0,11,0,0,0,2,0,0,0,0,0,0,3,58,0,1,0,0,0,0,0,1,0,0,0,1,0,0,1,0,0,0,0,0,0,0,0,32,24,0,0,0,0,0,0,0,0,0,0,0,0,0,10
markdig (C#),3,12,1,6,1,0,0,0,0,15,179,0,0,0,21,0,0,8,0,1834,0,0,0,0,4,0,0,1,5,0,32,5,8,5,0,8,0,1,0,0,0,1,5,1,7,0,1,1,17,0,0,1,0,3,3,0,0,1,0,2,1,0,3,0,41,0,2,0,10,0,0,0,1,0,1,2,163,0,1,0,1,0,1,1,17,0,1,0,1,0,0,33,0,1,14,0,1,0,0,1,10,29,0,2,0,0,21,5,18,0,0,12,0,0,0,0
openhardwaremonitor (C#),4,117,0,46,36,0,0,0,2,48,328,0,0,5,24,0,0,11,0,52,0,2,0,2,2,0,2,12,1,1,236,8,59,10,2,2,7,0,13,0,0,0,18,1,48,0,0,3,76,3,0,1,0,4,1,0,0,2,0,0,0,0,2,0,349,0,43,0,62,0,0,0,208,0,0,157,33,0,10,9,0,1,0,2,21,0,0,3,6,3,0,43,0,0,150,0,9,8,0,22,14,101,0,1,0,0,75,18,60,0,0,3,0,0,3,2
Psychson (C#),0,0,0,0,0,0,0,0,0,1,2,0,0,0,0,0,0,0,0,4,0,0,0,0,0,0,0,0,0,0,3,0,0,0,0,0,0,0,0,0,0,0,1,0,0,0,0,0,1,0,0,0,0,0,0,0,0,0,0,0,0,0,0,0,2,0,0,0,0,0,0,0,0,0,0,0,2,0,0,0,0,0,0,0,0,0,0,0,0,0,0,0,0,0,1,0,0,0,0,0,0,5,0,0,0,0,0,1,0,0,0,0,0,0,0,0
msbuild (C#),12,388,27,105,115,0,0,0,13,194,1614,0,2,7,302,1,0,74,0,2551,0,17,1,9,48,0,51,177,41,30,1491,72,192,15,10,31,18,13,133,0,0,1,302,2,109,0,4,16,600,140,0,31,0,23,21,0,0,5,1,79,0,0,5,2,2554,0,103,0,205,0,1,0,537,0,15,491,3052,2,67,3,8,23,0,28,117,0,7,8,13,1,3,140,2,1,471,1,20,7,0,112,48,700,2,25,0,0,368,62,782,0,6,28,0,28,5,2
Il2CppDumper (C#),0,1,2,6,4,0,0,0,0,3,21,0,0,0,16,0,0,0,0,1,0,0,0,0,0,0,2,0,0,0,9,1,11,0,0,3,0,0,4,1,0,0,4,0,0,0,1,2,0,1,0,0,0,0,0,0,0,0,0,0,0,0,0,0,19,0,0,0,10,0,0,0,0,0,0,0,0,0,0,0,0,0,0,3,0,0,0,0,0,0,0,1,0,0,0,0,0,1,0,0,0,28,0,1,0,0,1,1,0,0,0,0,0,0,0,0
Dependencies (C#),0,23,1,34,6,0,0,0,9,84,172,0,0,0,12,0,0,18,0,43,0,0,0,0,4,0,0,5,1,4,13,2,23,0,3,4,0,0,1,0,0,0,5,0,6,0,0,1,109,4,0,1,0,3,1,0,0,0,0,2,0,0,0,0,119,0,12,0,8,0,0,0,32,0,0,70,26,0,3,0,0,0,0,1,3,0,0,0,2,0,0,28,0,0,24,0,6,1,0,0,0,21,0,0,0,1,17,11,4,0,0,0,0,0,0,1
Borderless-Gaming (C#),0,4,0,0,0,0,0,0,0,1,12,0,0,0,0,0,0,1,0,29,0,0,0,0,0,0,1,0,0,0,10,0,0,1,0,0,0,0,0,0,0,0,1,0,3,0,0,1,9,0,0,1,0,0,0,0,0,0,0,0,0,0,0,0,50,0,3,0,1,0,0,0,1,0,0,0,6,0,1,0,0,0,0,0,0,0,1,0,0,0,0,2,0,0,2,0,0,1,0,0,5,2,0,1,0,0,1,0,1,0,0,0,0,0,0,0
Discord.Net (C#),0,67,0,2,11,0,0,0,0,53,726,0,0,0,13,0,0,1,0,199,0,0,0,0,59,0,4,43,13,54,54,5,1,2,1,22,8,1,10,0,0,0,4,0,3,0,0,0,18,116,0,2,0,8,1,0,0,0,0,11,3,0,0,0,119,0,4,0,4,0,0,0,37,0,0,16,49,0,2,6,0,1,0,12,42,0,0,1,1,2,0,52,0,0,64,0,0,2,0,1,205,277,1,0,0,0,23,0,5,0,0,2,0,67,1,0
Lidarr (C#),0,104,0,12,326,0,0,0,0,41,1330,0,0,0,127,0,0,7,0,732,0,6,0,1,6,0,10,47,7,8,855,12,52,5,0,2,7,9,130,0,0,1,57,3,6,0,1,1,163,30,0,1,0,45,15,0,0,6,0,4,0,1,3,0,1639,0,29,0,82,0,0,0,30,0,1,11,604,0,47,1,5,1,0,12,39,0,0,4,8,4,0,90,0,0,260,0,3,2,0,47,132,1005,4,0,0,0,43,5,57,0,0,9,0,6,0,26
VsVim (C#),2,58,5,7,31,0,0,0,0,37,323,0,0,0,154,0,0,47,0,266,0,0,0,3,2,0,18,4,0,1,732,6,87,9,1,4,1,0,9,0,0,0,32,1,46,0,1,1,76,62,0,4,0,12,4,0,0,1,0,1,0,0,1,0,687,0,27,0,16,0,0,0,45,0,0,114,76,0,4,2,0,0,0,0,15,0,0,0,6,1,0,60,0,1,74,0,2,2,0,36,23,175,0,1,0,0,30,19,21,0,0,12,0,2,0,1
EventSourcing.NetCore (C#),0,48,0,0,14,0,0,0,0,1,184,0,0,0,22,0,0,0,0,34,0,0,0,0,7,0,2,5,0,4,4,16,0,0,0,4,0,0,48,0,0,0,1,0,0,0,0,0,3,4,0,0,0,3,28,0,0,0,0,0,0,0,1,0,393,0,0,0,0,0,0,0,8,0,0,0,81,0,5,0,0,0,0,0,1,0,1,0,0,0,0,31,0,0,4,0,0,0,0,0,33,49,0,2,0,0,36,0,8,0,0,0,0,1,0,0
elsa-core (C#),13,10,0,2,46,0,0,0,0,12,715,0,0,0,19,0,0,1,0,187,0,0,0,0,21,0,0,39,3,21,115,2,5,1,0,11,5,0,29,2,0,1,2,0,1,0,0,0,28,23,0,0,0,28,12,0,0,0,0,6,0,0,1,0,99,0,3,0,5,0,0,0,6,0,0,3,344,0,16,1,0,0,0,2,35,0,0,2,4,2,2,61,0,0,11,0,3,2,0,1,272,213,1,0,0,0,83,1,123,0,0,1,0,10,2,7
greenshot (C#),3,97,1,8,20,0,0,0,2,32,275,0,0,1,42,0,1,13,0,94,0,4,0,0,11,0,7,10,4,4,239,7,30,1,10,1,1,0,31,0,0,3,40,0,9,0,0,0,35,0,0,0,0,3,8,0,0,3,2,0,0,0,0,0,286,0,23,0,17,0,0,0,61,0,0,36,40,0,2,1,0,4,1,7,16,0,1,3,1,3,0,42,0,0,114,0,5,5,0,5,21,84,1,7,1,0,25,8,15,0,0,9,0,3,1,2
Cocona (C#),0,0,0,1,7,0,0,0,0,1,132,0,0,0,1,0,0,0,0,114,0,0,0,0,18,0,0,13,0,2,5,1,20,0,0,0,0,0,0,0,0,0,0,0,0,0,2,0,4,4,0,0,0,17,6,0,0,0,0,6,0,0,0,0,90,0,1,0,3,0,0,0,0,0,1,1,307,0,2,0,0,0,0,2,5,0,0,0,0,0,0,6,0,0,1,0,0,1,0,0,5,35,0,0,0,0,38,1,6,0,0,0,0,1,0,0
MixedRealityToolkit-Unity (C#),10,474,3,21,63,0,0,0,2,93,345,0,3,4,143,1,0,30,0,348,0,12,1,10,17,0,7,16,6,24,1161,9,82,23,5,29,13,12,16,0,1,2,65,0,56,0,5,4,222,8,0,16,0,54,25,0,0,3,0,8,0,0,4,0,1066,0,55,0,70,0,0,0,220,0,0,244,200,1,12,8,1,6,2,9,39,0,1,10,18,11,10,102,0,0,612,0,19,12,0,46,80,570,3,14,0,0,173,50,68,0,0,13,0,8,2,2
netch (C#),0,6,0,1,2,0,0,0,0,1,35,0,0,0,0,0,0,2,0,58,0,3,0,0,1,0,0,0,0,0,31,0,8,0,1,1,0,0,0,0,0,0,0,0,1,0,0,0,6,0,0,1,0,2,0,0,0,0,0,0,0,0,0,0,50,0,5,0,0,0,0,0,0,0,0,0,7,0,6,0,0,0,0,0,1,0,0,0,0,0,0,10,0,0,9,0,4,1,0,0,15,5,0,0,0,0,0,1,5,0,0,0,0,0,0,0
duplicati (C#),1,35,2,27,50,0,0,0,1,54,348,0,0,1,24,0,0,35,0,191,0,0,0,2,10,0,25,9,5,4,222,28,171,0,4,7,17,2,23,0,0,3,44,0,6,0,0,5,20,11,0,2,0,3,6,0,0,0,0,0,0,0,0,0,249,0,5,0,63,0,0,0,70,0,6,33,74,0,23,3,16,5,1,6,25,0,1,2,9,0,2,37,0,0,94,0,1,7,0,1,71,252,1,0,0,0,29,17,35,0,0,3,0,4,0,4
Terminal.Gui (C#),1,101,12,14,16,0,0,0,0,20,244,0,0,0,138,0,0,17,0,348,0,1,0,0,2,0,1,8,0,1,354,6,39,8,0,1,3,1,25,0,0,1,51,0,15,0,3,0,67,4,0,5,0,14,7,0,0,5,0,0,0,0,1,0,434,0,22,0,14,0,1,0,13,0,0,13,473,1,10,1,0,1,0,0,10,0,0,4,0,0,0,35,0,0,102,0,4,1,0,23,55,63,0,10,0,0,43,12,202,0,0,4,0,1,1,2
Starward (C#),1,32,0,2,7,0,0,0,0,6,80,0,0,0,3,0,0,2,0,68,0,0,0,0,0,0,3,17,0,0,91,0,24,0,1,0,0,1,3,0,0,0,2,0,5,0,0,0,33,21,0,1,0,1,3,0,0,0,0,0,0,0,0,0,105,0,7,0,4,0,0,0,1,0,0,0,33,0,4,0,1,0,0,1,3,0,0,0,0,0,0,22,0,0,24,0,4,0,0,2,96,54,0,0,0,0,4,1,2,0,0,1,0,0,0,0
BBDown (C#),0,0,0,0,0,0,0,0,0,0,4,0,0,0,0,0,0,0,0,0,0,0,0,0,0,0,0,0,0,0,3,0,0,0,0,0,0,0,1,0,0,0,0,0,0,0,0,0,2,0,0,0,0,6,0,0,0,0,0,0,0,0,0,0,3,0,0,0,0,0,0,0,0,0,0,0,1,0,0,0,0,0,0,0,0,0,0,0,0,0,0,1,0,0,2,0,0,0,0,0,1,0,0,0,0,0,0,0,0,0,0,0,0,0,0,0
g-helper (C#),3,46,0,26,9,0,0,0,0,13,110,0,0,0,7,0,0,3,0,56,0,1,0,0,2,0,3,0,0,0,157,23,358,0,1,0,2,0,0,0,0,0,9,0,27,0,0,0,44,1,0,0,0,1,0,0,0,0,0,0,0,0,0,0,177,0,7,0,26,0,0,0,8,0,0,9,5,0,0,0,0,0,0,0,2,0,0,1,0,0,0,50,0,0,33,0,1,0,0,0,2,21,0,1,0,0,7,2,4,0,0,0,0,1,0,20
stateless (C#),0,8,0,0,2,0,0,0,0,2,32,0,0,0,1,0,0,0,0,31,0,0,0,0,0,0,0,1,0,0,32,0,12,0,0,0,0,0,4,0,0,0,0,0,1,0,0,0,4,1,0,2,0,0,0,0,0,0,0,0,0,0,0,0,57,0,1,0,5,0,0,0,0,0,0,0,234,0,1,0,1,0,0,0,0,0,0,0,0,0,0,13,0,0,2,0,0,0,0,0,22,17,0,0,0,0,14,1,3,0,0,0,0,0,0,1
mpv.net (C#),0,15,0,0,1,0,0,0,1,8,38,0,0,0,0,0,0,2,0,28,0,0,0,0,1,0,0,1,2,0,34,1,1,1,1,0,1,0,3,0,0,0,2,0,1,0,1,0,31,4,0,1,0,1,2,0,0,1,0,0,0,0,1,0,50,0,8,0,4,0,0,0,3,0,0,4,7,0,1,0,0,0,0,0,1,0,2,1,0,0,0,12,0,0,27,0,1,0,0,1,2,11,0,0,0,0,0,0,3,0,0,0,0,0,0,0
XCharts (C#),8,137,3,39,38,0,0,0,0,30,94,0,0,9,58,0,0,20,0,65,0,9,0,0,4,0,1,3,2,1,332,5,106,14,0,0,4,1,5,0,0,0,29,3,46,0,1,1,31,0,0,0,0,4,8,0,0,1,0,0,0,0,3,0,439,0,64,0,24,0,0,0,457,0,0,312,40,1,5,17,0,0,1,3,15,0,0,2,2,1,1,44,0,0,155,0,3,6,0,342,188,96,2,1,0,0,89,51,39,0,0,14,0,1,0,1
blazor-workshop (C#),0,5,0,11,0,0,0,0,0,0,75,0,0,0,0,0,0,0,0,0,0,0,0,0,0,0,0,0,0,0,14,0,0,0,0,0,0,0,0,0,0,0,0,0,0,0,0,0,10,0,0,0,0,0,0,0,0,0,0,0,0,0,0,0,25,0,0,0,22,0,0,0,0,0,0,0,4,0,0,0,0,0,0,0,0,0,0,0,0,0,0,0,0,0,7,0,0,0,0,0,2,52,0,0,0,0,0,0,0,0,0,0,0,0,0,0
MonoGame (C#),11,243,3,117,25,0,0,0,4,99,808,0,0,2,139,1,0,34,0,406,0,9,1,9,21,0,100,38,1,9,642,48,176,39,23,4,10,0,34,1,0,17,39,0,72,0,4,16,157,63,0,10,0,38,20,1,0,2,0,2,0,8,8,0,907,0,53,0,154,0,0,0,373,0,11,357,249,1,23,4,5,2,1,14,36,0,1,10,5,10,3,253,1,0,350,0,21,6,0,67,115,299,1,12,0,0,325,59,109,0,2,13,2,1,7,1
ModernWpf (C#),0,162,1,15,22,0,0,0,11,60,555,0,0,0,37,1,0,9,0,351,0,4,0,2,7,0,26,8,2,0,246,24,40,4,10,9,0,6,8,1,0,5,18,1,32,0,1,3,122,76,0,3,0,12,9,1,0,0,0,6,0,0,8,0,572,0,33,0,39,0,0,0,37,0,0,31,225,0,24,3,0,2,0,3,8,0,0,1,10,2,2,372,0,0,109,0,19,15,0,6,22,173,0,1,0,0,57,22,31,0,0,2,0,1,1,5
UnityLibrary (C#),0,6,1,2,1,0,0,0,0,3,31,0,0,0,2,0,0,0,0,23,0,0,0,0,0,0,0,0,6,0,75,0,5,3,0,3,0,0,1,0,0,0,3,0,0,0,0,0,20,0,0,2,0,1,0,0,0,0,0,0,0,0,0,0,41,0,0,0,5,0,0,0,9,0,0,8,6,0,0,2,0,0,0,0,2,0,0,0,0,0,0,1,0,0,43,0,1,0,0,0,0,2,0,0,0,0,4,1,12,0,0,0,0,0,0,0
StockSharp (C#),11,169,9,6,100,1,0,0,0,36,724,0,6,0,101,0,3,9,0,125,0,29,0,0,7,0,0,10,2,7,201,5,29,8,0,14,9,18,40,0,0,1,8,1,14,0,0,0,32,5,0,6,0,8,5,0,0,15,0,1,0,0,0,0,636,0,38,1,53,0,0,0,1,0,0,4,89,0,6,0,1,0,0,5,21,0,0,3,3,0,0,48,0,0,228,0,4,3,0,15,89,294,0,1,0,0,151,4,58,0,0,1,0,4,0,2
RevokeMsgPatcher (C#),0,1,0,1,2,0,0,0,0,2,19,0,0,0,2,0,0,3,0,14,0,0,0,0,0,0,0,0,0,0,11,0,0,0,0,0,0,0,0,0,0,0,0,0,5,0,0,0,2,0,0,0,0,0,4,0,0,0,0,0,0,0,0,0,19,0,1,0,7,0,0,0,0,0,0,1,2,0,0,0,0,0,0,2,1,0,0,0,0,0,0,1,0,0,1,0,0,0,0,0,1,5,0,0,0,0,8,1,0,0,0,1,3,2,0,1
MoreLINQ (C#),0,1,0,0,0,0,0,0,0,0,20,0,0,0,0,0,0,0,0,264,0,0,0,0,0,0,0,0,0,0,25,0,0,0,0,0,0,0,0,0,0,0,0,0,0,0,0,0,4,0,0,0,0,0,0,0,0,0,0,0,0,0,1,0,9,0,0,0,0,0,0,0,0,0,0,1,317,0,0,0,0,0,0,0,6,0,0,1,0,0,0,4,0,0,1,0,0,0,0,0,0,2,0,0,0,0,3,0,10,0,0,0,0,0,0,0
ml-agents (C#),0,91,1,16,9,0,0,0,0,34,128,0,1,0,35,0,0,5,0,112,0,0,0,0,5,0,4,22,2,3,191,14,40,4,1,4,3,12,6,0,0,0,3,0,17,0,2,1,35,2,0,1,0,1,5,0,0,0,14,1,0,0,0,6,334,0,4,0,55,0,0,0,135,0,20,95,192,0,8,1,0,0,0,1,9,0,0,3,0,1,1,44,0,0,186,0,4,4,0,1,7,43,1,0,0,0,49,5,46,0,0,3,0,0,5,0
CMWTAT_Digital_Edition (C#),0,6,0,0,0,0,0,0,0,1,3,0,0,0,0,0,0,0,0,3,0,0,0,0,0,0,0,0,0,0,6,0,0,0,0,0,0,0,0,0,0,0,0,0,0,0,0,0,2,0,0,0,0,0,1,0,0,0,0,0,0,0,0,0,4,0,0,0,0,0,0,0,1,0,0,0,5,0,0,0,0,0,0,0,0,0,0,0,0,0,0,1,0,0,0,0,0,0,0,1,0,0,0,0,0,0,0,0,1,0,0,0,0,0,0,0
practical-aspnetcore (C#),2,6,0,3,20,0,0,0,0,1,81,0,0,0,1,0,0,1,0,67,0,0,0,0,0,0,0,53,0,0,10,0,2,0,0,8,3,0,5,0,0,0,4,0,0,0,0,0,0,3,0,0,0,11,37,0,0,0,0,0,0,0,0,0,9,0,4,0,3,0,0,0,0,0,0,1,47,0,2,0,0,0,0,1,1,0,0,1,0,1,0,28,0,0,12,0,0,0,0,0,62,70,0,1,0,0,19,0,5,0,0,0,0,0,0,21
oxyplot (C#),1,31,0,24,54,0,0,0,0,42,281,0,1,1,29,0,0,3,0,145,0,2,0,0,7,0,0,3,0,1,199,4,42,8,0,3,8,0,12,0,0,0,21,1,25,0,0,2,42,8,0,1,0,7,5,0,0,1,0,0,0,0,0,0,355,0,31,0,46,0,0,0,53,0,2,39,101,0,9,1,1,1,0,8,18,0,0,2,2,1,1,23,0,0,55,0,2,3,0,9,14,117,1,0,0,0,36,9,85,0,0,4,0,0,0,1
TensorFlowSharp (C#),0,10,0,1,2,0,0,0,0,10,73,0,0,0,1,0,0,1,0,109,0,0,0,0,0,0,1,6,0,0,3,3,2,2,2,0,2,2,17,0,0,1,0,1,0,0,0,2,1,0,0,0,0,5,2,0,0,2,0,17,3,0,0,0,14,0,0,0,1,0,0,0,33,0,0,15,49,0,0,0,0,0,0,3,3,0,0,0,4,0,0,1,0,0,30,0,0,0,0,0,0,39,0,0,0,0,1,0,14,0,0,0,0,1,2,0
Files (C#),6,138,6,5,16,0,0,0,0,79,431,0,1,0,39,0,0,17,0,191,0,1,0,1,1,0,5,15,0,0,142,6,24,1,7,29,5,5,5,0,0,1,13,1,6,0,0,0,264,17,0,10,0,7,10,0,0,2,0,3,1,0,7,0,374,0,24,0,9,0,0,0,7,0,0,12,73,0,3,1,1,1,1,2,12,0,0,4,3,2,0,57,0,0,156,0,2,2,0,20,140,173,1,1,0,0,38,18,17,0,0,1,0,0,0,0
Electron.NET (C#),0,0,0,0,5,0,0,0,0,5,43,0,0,0,1,0,0,1,0,45,0,0,0,0,0,0,0,0,0,0,4,0,1,0,0,0,0,0,0,0,0,0,2,0,0,0,0,0,16,0,0,0,0,1,0,0,0,0,0,0,0,0,0,0,13,0,0,0,3,0,0,0,0,0,0,0,41,0,0,0,0,0,0,0,23,0,0,0,0,0,0,3,0,0,2,0,0,1,0,0,2,18,0,0,0,0,2,1,4,0,0,0,0,0,0,1
stride (C#),43,793,14,301,316,0,0,0,17,906,3813,1,8,9,695,2,0,294,2,1559,0,38,0,13,54,0,52,116,22,26,2035,181,452,110,29,71,41,23,186,3,1,21,295,7,285,0,17,6,901,111,0,37,0,64,76,3,0,12,7,38,1,0,19,1,4233,0,311,0,685,1,3,0,614,0,8,626,1154,2,160,18,5,8,3,48,219,0,1,22,12,32,3,568,0,2,846,0,51,28,0,598,606,1921,1,15,0,0,476,235,510,0,3,62,1,11,25,19
LibreHardwareMonitor (C#),1,87,0,20,10,0,0,0,2,21,217,0,0,3,11,0,0,10,0,41,0,1,0,1,1,0,1,10,0,0,149,8,32,8,1,1,0,0,10,0,0,0,17,1,20,0,0,5,82,1,0,2,0,2,0,0,0,0,0,3,0,0,0,0,211,0,34,0,34,0,0,0,119,0,0,108,28,0,9,6,0,0,0,1,12,0,0,1,5,5,0,24,0,0,113,0,6,4,0,17,10,48,0,4,0,0,35,7,35,0,0,4,0,0,1,0
MicaForEveryone (C#),0,28,0,0,0,0,0,0,0,2,62,0,1,0,1,0,2,4,0,19,0,0,0,0,0,0,0,4,0,0,35,4,2,1,6,3,0,0,1,0,0,0,1,0,1,0,0,1,28,3,0,0,0,1,0,0,0,0,0,0,0,0,0,0,54,0,1,0,5,0,0,0,0,0,0,0,8,0,0,2,0,0,0,0,3,0,0,0,0,0,0,4,0,0,17,0,0,0,0,9,19,9,0,0,0,0,4,2,3,0,0,0,0,1,0,0
ModernFlyouts (C#),1,13,1,1,1,0,0,0,0,2,66,0,0,0,2,0,0,0,0,19,0,0,0,0,0,0,0,0,0,0,65,1,2,0,4,1,2,0,2,0,0,0,1,0,0,0,0,0,52,15,0,3,0,1,0,0,0,0,0,0,0,0,1,0,69,0,2,0,2,0,0,0,2,0,0,0,12,0,1,0,0,0,0,0,4,0,0,1,2,2,0,10,0,0,17,0,0,0,0,12,10,7,0,0,0,0,10,2,1,0,0,0,0,1,0,0
SuperSocket (C#),1,17,1,6,23,0,0,0,0,9,168,0,0,0,14,0,0,0,0,21,0,0,0,0,9,0,9,3,0,1,28,7,7,0,0,7,3,2,6,0,0,0,2,0,4,0,0,0,6,10,0,2,0,8,0,0,0,0,0,1,0,0,0,0,49,0,6,0,8,0,0,0,3,0,0,20,43,0,20,0,0,0,0,5,6,0,0,0,8,0,2,17,0,0,16,0,0,0,0,0,69,125,0,0,0,0,11,5,24,0,0,1,0,0,1,0
LiteDB (C#),0,10,3,5,48,0,0,0,0,15,182,0,0,0,33,3,0,3,0,72,0,0,0,1,11,0,1,2,2,8,85,7,16,3,9,16,4,2,12,0,0,1,25,0,9,0,0,9,18,4,0,2,0,4,2,0,0,1,0,3,0,0,2,0,126,0,6,0,31,0,0,0,2,0,1,5,147,0,0,1,0,0,0,1,14,0,0,0,5,0,3,24,0,1,15,0,2,4,0,1,2,257,1,0,0,0,6,7,9,0,0,4,0,0,1,0
uno (C#),28,1167,27,59,119,0,0,0,9,443,7664,0,0,6,273,5,0,117,1,13033,0,44,0,19,33,0,5151,163,15,26,1919,58,238,30,60,97,34,14,77,0,0,13,196,4,157,0,17,9,1000,5775,0,58,1,43,47,1,0,22,0,17,1,0,35,0,4344,0,190,0,303,0,1,0,191,0,4,237,2638,1,57,14,0,17,3,22,115,0,0,46,11,10,7,901,0,3,898,0,107,56,0,345,1208,1449,6,17,1,0,661,108,441,0,0,27,0,6,11,12
SimplCommerce (C#),1,3,0,9,16,0,0,0,0,3,319,0,0,0,6,0,0,0,0,47,0,2,0,1,0,0,0,3,0,3,7,5,7,4,0,0,0,0,19,0,0,0,2,0,2,0,1,0,2,1,0,0,0,4,1,0,0,0,0,0,0,0,0,0,25,0,17,0,25,0,0,0,3,0,0,1,108,0,1,0,0,0,0,1,4,0,0,0,1,0,0,4,0,0,0,0,0,0,0,2,76,459,0,0,0,0,40,2,6,0,0,3,0,0,1,0
quartznet (C#),0,68,1,14,15,0,0,0,6,52,335,0,0,0,106,0,0,6,0,242,0,0,0,9,40,0,10,30,31,25,111,10,13,1,0,5,4,0,14,1,0,0,31,0,12,0,1,1,70,9,0,1,0,21,7,0,0,2,0,6,0,0,0,1,307,0,2,0,68,0,0,0,44,0,0,24,335,0,22,0,0,1,0,3,23,0,0,2,6,1,2,46,0,0,89,0,1,3,0,4,144,158,0,2,0,0,41,6,36,0,0,5,0,53,2,1
Mapster (C#),0,2,0,1,9,0,0,0,0,10,61,0,1,0,6,0,0,1,0,86,0,1,0,1,57,0,0,3,3,11,8,1,16,0,0,9,1,0,7,0,0,0,0,0,0,0,0,1,21,6,0,2,0,5,0,0,0,0,0,0,0,0,0,0,16,0,0,0,4,0,0,0,0,0,0,0,304,0,0,0,0,0,0,2,2,0,0,0,0,0,1,20,0,0,14,0,1,6,0,0,6,127,0,0,0,0,5,3,8,0,0,0,0,7,0,1
ParticleEffectForUGUI (C#),0,2,0,0,1,0,0,0,0,2,0,0,0,0,0,0,0,0,0,6,0,0,0,0,0,0,0,0,0,1,14,0,1,0,0,0,0,0,0,0,0,0,0,0,1,0,0,0,2,0,0,0,0,0,0,0,0,0,0,0,0,0,1,0,20,0,1,0,0,0,0,0,0,0,0,0,3,0,0,0,0,0,0,0,0,0,0,0,0,0,0,3,0,0,12,0,0,1,0,0,0,4,0,0,0,0,9,0,3,0,0,0,0,0,0,0
glazewm (C#),1,3,0,0,5,0,0,0,0,7,159,0,0,0,1,0,0,2,0,26,0,3,0,0,0,0,0,13,0,0,15,1,1,0,1,0,1,0,0,0,0,0,1,0,3,0,0,0,4,2,0,0,0,0,0,0,0,0,0,0,0,0,1,0,44,0,9,0,5,0,0,0,0,0,0,0,8,0,0,0,0,0,0,0,8,0,0,0,0,0,0,8,0,0,2,0,1,0,0,0,4,82,0,0,0,0,1,2,1,0,0,0,0,0,0,2
csharplang (C#),0,0,0,0,0,0,0,0,0,0,2,0,0,0,0,0,0,0,0,0,0,0,0,0,0,0,0,0,0,0,0,0,0,0,0,0,0,0,0,0,0,0,0,0,0,0,0,0,0,0,0,0,0,0,0,0,0,0,0,0,0,0,0,0,0,0,0,0,0,0,0,0,0,0,0,0,0,0,0,0,0,0,0,0,0,0,0,0,0,0,0,0,0,0,0,0,0,0,0,0,0,0,0,0,0,0,0,0,0,0,0,0,0,0,0,0
Entitas (C#),0,10,0,1,4,0,0,0,0,0,138,0,0,0,3,0,0,0,0,79,0,0,0,0,6,0,0,1,0,1,157,1,3,3,0,1,1,0,1,0,0,0,0,0,1,0,0,0,24,1,0,0,0,2,2,0,0,1,0,1,0,0,1,0,256,0,1,0,2,0,0,0,0,0,0,0,93,0,0,0,0,0,0,0,1,0,0,0,0,0,1,2,0,0,7,0,1,0,0,0,0,16,0,0,0,0,19,0,21,0,0,0,0,0,0,0
CliWrap (C#),0,0,0,0,0,0,0,0,0,9,0,0,0,0,0,0,0,0,0,2,0,0,0,0,3,0,0,0,1,0,2,0,0,0,0,0,0,0,0,0,0,0,0,0,1,0,0,0,0,0,0,0,0,0,0,0,0,0,0,0,0,0,0,0,0,0,0,0,0,0,0,0,0,0,0,0,83,0,0,0,0,0,0,0,3,0,0,0,0,0,0,0,0,0,0,0,0,0,0,0,3,4,0,0,0,0,0,0,4,0,0,0,0,5,0,0
BepInEx (C#),0,8,1,1,1,0,0,0,0,2,67,0,0,0,10,0,0,1,0,6,0,0,0,0,0,0,0,0,0,1,15,0,1,0,2,0,0,0,1,0,0,0,0,0,0,0,0,0,5,0,0,1,0,1,0,0,0,0,0,0,0,0,0,0,19,0,0,0,2,0,0,0,0,0,0,2,12,0,0,1,1,1,0,0,1,0,0,0,0,2,0,1,0,0,6,0,0,1,0,0,0,12,0,0,0,0,10,0,4,0,0,1,0,0,0,0
elasticsearch-net (C#),0,25,0,1,7,0,0,0,0,14,3932,0,0,0,12,0,0,90,0,163,0,0,0,0,33,0,0,27,4,4,10,0,0,1,0,9651,10,1,2,0,0,0,4,1,1,0,0,3731,87,89,0,0,0,231,7,1,0,0,3,4,2,0,0,1,202,0,1,0,98,0,0,0,0,0,0,1,3014,0,0,0,0,40,0,0,8,0,0,1,10,0,0,3,0,0,4,0,1,1,0,0,34,6773,0,0,0,0,472,0,2074,0,0,2,0,0,1,1
shadowsocks-windows (C#),0,6,0,0,0,0,0,0,0,10,144,0,0,0,10,0,0,1,0,7,0,0,0,0,1,0,0,8,1,1,22,0,7,0,0,1,0,0,0,0,0,0,1,0,0,0,0,0,3,0,0,0,0,0,0,0,0,0,0,1,0,0,0,3,26,0,0,0,9,0,0,0,2,0,3,7,14,0,0,0,0,0,0,1,8,0,0,0,0,0,0,3,0,0,8,0,0,0,0,0,16,26,1,0,0,0,5,0,3,0,0,1,0,1,0,0
Windows-Auto-Night-Mode (C#),0,30,1,9,2,0,0,0,0,14,85,0,0,0,10,0,0,4,0,63,0,0,0,0,1,0,1,1,1,0,59,2,4,7,0,0,0,1,1,0,0,0,8,0,1,0,0,1,28,0,0,2,0,2,0,0,0,0,0,0,0,0,0,0,200,0,3,0,6,0,0,0,9,0,0,5,10,0,0,0,0,0,0,0,3,0,0,0,0,0,0,23,0,0,24,0,1,0,0,0,14,11,0,3,0,0,10,10,31,0,0,0,0,0,0,0
SignalR (C#),1,34,4,27,25,0,0,0,0,28,320,0,0,1,42,1,0,11,0,172,0,0,0,0,6,0,7,2,0,3,179,13,54,3,0,13,9,1,15,1,0,2,22,1,36,0,0,1,24,15,0,0,0,2,5,0,0,2,0,1,0,0,0,0,163,0,4,0,35,0,0,0,30,0,0,51,251,0,2,0,0,1,0,1,12,0,0,0,2,1,0,47,0,0,39,0,2,3,0,5,115,290,0,0,0,0,48,11,48,0,0,4,0,3,0,1
t3 (C#),3,135,6,54,43,0,0,0,3,96,679,0,7,1,35,1,2,45,0,83,0,1,1,1,9,0,4,8,1,0,145,8,11,9,17,6,2,4,4,0,0,0,8,1,47,0,0,1,65,4,0,55,0,2,5,0,0,0,0,1,0,0,4,0,583,0,41,0,22,0,0,0,27,0,1,15,35,0,11,1,0,4,0,7,15,0,0,4,2,0,1,18,0,0,52,0,23,1,0,3,14,36,0,2,0,0,25,19,63,0,0,5,0,1,3,0
WeiXinMPSDK (C#),1,11,5,12,5,0,0,0,3,66,628,0,0,0,3,0,0,0,0,470,0,0,0,1,0,0,0,11,0,3,22,0,42,0,6,9,0,1,8,0,0,0,13,1,57,0,0,0,67,5,0,0,0,12,7,0,0,0,0,0,0,0,0,0,85,0,2,0,16,0,0,0,22,0,0,10,302,0,29,0,0,0,0,0,162,0,0,0,62,0,4,61,0,0,26,0,0,1,0,1,22,222,0,0,0,0,20,7,53,0,0,0,0,0,0,1
xNode (C#),0,7,0,2,0,0,0,0,0,1,6,0,0,1,3,0,0,0,0,16,0,1,0,0,0,0,0,1,0,3,18,0,4,0,0,0,0,0,3,0,0,0,1,0,6,0,0,0,4,0,0,0,0,0,1,0,0,0,0,0,0,0,0,0,28,0,1,0,4,0,0,0,3,0,0,8,16,0,1,0,0,0,0,1,1,0,0,1,0,0,0,18,0,0,1,0,0,0,0,0,1,22,1,0,0,0,10,7,2,0,1,1,0,0,0,0
clean-architecture-manga (C#),0,15,0,0,8,0,0,0,0,2,39,0,0,0,0,0,0,0,0,6,0,0,0,0,0,0,0,7,0,0,3,0,0,0,0,0,0,0,6,0,0,0,0,0,0,0,0,0,0,1,0,0,0,1,1,0,0,0,0,0,0,0,0,0,5,0,0,0,0,0,0,0,0,0,0,0,12,0,0,0,0,0,0,0,7,0,0,0,0,0,0,0,0,0,2,0,0,0,0,0,36,30,0,0,0,0,2,0,9,0,0,0,0,0,0,5
WinAppDriver (C#),0,39,0,2,0,0,0,0,0,11,85,0,0,0,3,0,0,1,0,148,0,0,0,0,0,0,0,1,0,2,92,0,9,0,3,0,0,0,1,0,0,0,7,0,3,0,0,1,46,8,0,0,0,2,0,0,0,0,0,0,0,0,1,0,280,0,4,0,9,0,0,0,9,0,0,25,55,0,1,0,0,0,0,0,0,0,0,0,0,1,0,58,0,0,22,0,1,0,0,5,9,9,0,0,0,0,1,0,5,0,0,0,0,1,0,0
MQTTnet (C#),0,16,0,4,14,0,0,0,0,14,128,0,0,0,11,1,0,2,0,137,0,0,0,0,7,0,7,8,9,74,66,6,32,2,0,10,9,0,23,0,0,0,6,0,5,0,1,0,25,2,0,3,0,2,18,4,0,0,0,1,0,0,2,0,85,0,2,0,27,0,0,0,2,0,0,14,111,0,13,0,1,0,0,0,20,0,2,0,4,0,0,11,0,0,16,0,1,5,0,1,171,241,0,0,0,0,13,1,31,0,0,0,0,78,1,1
git-credential-manager (C#),1,7,1,0,37,0,0,0,4,25,224,0,0,0,20,0,0,15,0,210,0,2,0,2,3,0,5,3,0,0,67,9,19,1,1,1,4,1,17,0,0,0,32,0,1,0,0,0,55,5,0,5,0,13,5,0,0,1,1,1,0,0,0,0,65,0,5,0,38,0,0,0,4,0,0,5,283,1,2,0,1,0,0,3,26,0,0,0,7,0,0,10,0,0,19,0,1,0,0,7,18,109,0,0,0,0,28,3,64,0,0,2,0,0,0,1
npgsql (C#),3,33,1,1,11,0,0,0,0,12,355,0,0,0,18,0,0,6,0,640,0,0,0,1,49,0,3,11,20,10,85,2,0,2,0,7,3,3,3,0,0,0,2,2,4,0,0,1,77,2,0,4,0,10,3,0,0,0,0,10,2,0,0,0,95,0,5,0,5,0,0,0,0,0,0,2,297,0,2,2,0,2,0,1,23,0,0,0,8,1,1,10,0,0,62,0,2,2,0,5,67,68,0,0,0,0,8,1,73,0,0,1,0,9,0,2
Prowlarr (C#),0,30,0,3,268,0,0,0,0,31,1031,0,0,0,73,0,0,7,0,359,0,1,0,0,7,0,16,45,8,9,238,76,28,0,0,2,7,26,243,0,0,0,21,2,6,0,1,1,67,18,0,0,0,161,12,0,0,4,0,5,0,1,0,0,606,0,10,0,52,0,0,0,15,0,1,11,386,0,82,1,4,1,0,10,35,0,0,5,10,0,0,67,0,0,64,0,0,5,0,16,72,701,5,0,0,0,27,5,34,0,0,3,0,7,1,7
Geographical-Adventures (C#),0,36,0,31,9,0,0,0,0,37,181,0,0,0,21,0,0,6,0,52,0,6,0,2,7,0,0,2,0,1,256,6,29,4,0,4,4,0,26,0,0,15,24,0,18,0,2,0,36,6,0,5,1,8,3,0,0,1,0,2,0,0,2,0,169,0,19,0,20,0,0,0,71,0,0,50,49,0,4,0,1,0,1,6,13,0,0,3,0,2,0,20,0,0,87,0,4,0,0,1,1,102,0,1,0,0,20,18,20,0,0,2,0,0,4,0
Unity-Design-Pattern (C#),1,32,0,5,0,0,0,0,0,0,132,0,0,0,0,0,0,0,0,142,0,0,0,0,0,0,1,2,1,2,149,7,41,0,0,1,1,0,1,0,0,0,2,0,2,0,0,0,21,2,0,0,0,0,0,0,0,0,0,0,0,0,1,0,48,0,1,0,15,1,0,0,43,0,0,28,78,0,14,0,0,0,0,0,1,0,0,0,0,0,1,4,0,0,91,0,0,0,0,0,3,7,0,0,0,0,25,4,14,1,0,0,0,0,0,0
AspNetCore.Docs (C#),6,152,0,36,69,0,0,0,1,104,1441,0,0,0,6,0,0,6,0,1090,0,0,0,1,0,0,3,760,0,0,94,5,69,0,0,275,9,0,2,0,0,0,63,0,6,0,0,0,11,34,0,0,0,11,15,0,0,0,0,0,0,0,4,0,307,0,7,0,16,0,0,0,7,0,0,8,1562,0,13,0,0,0,0,1,40,0,0,0,1,4,0,138,0,0,307,0,4,0,0,0,276,1487,0,0,0,0,448,1,69,0,0,1,0,0,0,13
Umbraco-CMS (C#),12,61,7,4,193,0,0,0,4,77,2278,0,0,0,160,1,0,23,0,1060,0,4,0,7,121,0,3,290,14,113,233,35,15,7,0,18,17,17,148,1,0,2,46,1,41,0,4,1,147,11,0,6,0,75,40,0,0,7,1,16,2,0,2,1,1172,0,57,0,70,0,0,0,3,0,0,22,1771,0,27,5,3,5,0,16,76,0,1,3,21,2,2,72,0,0,54,0,7,20,0,7,384,1737,1,1,0,0,79,3,246,0,0,22,0,48,5,22
nopCommerce (C#),0,200,0,6,357,0,0,0,2,35,910,0,0,0,29,0,0,6,0,270,0,0,0,0,6,0,3,1,1,4,123,2,21,0,0,171,2,0,185,0,0,0,7,0,10,0,1,0,16,12,0,0,0,11,15,0,0,0,0,0,0,0,0,0,256,0,1,0,39,0,0,0,6,0,0,0,470,0,4,0,1,2,0,3,72,0,0,1,11,1,0,80,0,0,50,0,1,6,0,1,1435,2058,1,0,0,0,53,5,23,0,0,1,0,18,0,2
ailab (C#),1,85,1,19,12,0,0,0,0,85,238,0,1,0,23,0,0,17,0,118,0,0,0,2,1,0,0,14,0,3,134,0,39,2,7,6,1,0,9,0,0,1,13,0,3,0,0,0,124,18,0,0,0,4,2,0,0,1,0,0,0,0,0,0,221,0,16,0,23,0,0,0,48,0,0,35,46,0,1,0,0,0,0,1,9,0,0,1,0,1,0,47,0,0,79,0,5,0,0,35,52,85,3,1,0,0,12,15,18,0,0,0,0,1,0,0
garnet (C#),14,86,82,34,31,0,0,0,0,59,392,0,1,2,275,1,0,61,0,512,0,16,0,1,3,0,5,12,1,1,539,11,37,4,3,5,9,3,13,0,0,3,68,1,16,0,0,6,120,12,0,9,0,2,1,1,0,8,1,1,0,0,5,0,584,0,63,0,61,0,0,0,17,0,0,13,370,0,2,0,1,1,0,5,29,0,0,8,5,3,0,105,0,0,128,0,8,2,0,4,81,291,0,12,0,0,137,19,107,0,0,35,0,2,2,0
ToastFish (C#),0,4,0,1,0,0,0,0,0,1,5,0,0,0,2,0,0,0,0,5,0,0,0,0,0,0,0,1,0,0,7,0,0,1,0,1,0,0,4,0,0,0,1,0,0,0,0,0,0,0,0,0,0,2,1,0,0,0,0,0,0,0,0,0,14,0,2,0,3,0,0,0,0,0,0,0,12,0,0,0,0,0,0,1,0,0,0,0,0,0,0,0,0,0,4,0,0,0,0,1,0,8,0,0,0,0,0,0,0,0,0,0,0,0,0,0
Rubeus (C#),0,9,0,5,8,0,0,0,0,22,199,0,0,0,4,0,0,3,0,99,0,4,0,0,1,0,4,12,1,0,85,0,37,2,0,3,1,0,14,0,0,0,6,1,1,0,0,1,1,5,0,2,0,1,1,0,0,0,0,0,0,0,0,0,93,0,0,0,65,0,0,0,5,0,0,1,29,0,2,0,0,0,0,0,21,0,0,0,6,0,0,4,0,0,18,0,0,0,0,0,0,55,0,2,0,0,3,1,21,0,0,0,0,3,0,0
perfview (C#),3,262,6,223,64,0,0,0,18,62,631,0,0,8,67,0,0,25,0,333,0,13,0,3,32,0,65,1175,26,24,1102,29,624,7,17,25,8,5,36,0,0,2,130,0,137,0,9,11,1112,45,0,16,0,20,8,0,0,11,0,4,1,0,8,1,740,0,77,0,3468,0,1,0,293,0,2,241,269,1,23,17,2,3,2,6,54,0,1,5,4,2,3,3643,2,0,196,0,25,11,0,13,17,2500,5,5,1,0,71,70,68,0,1,14,1,1186,2,1
HandyControl (C#),6,88,7,7,7,0,0,0,1,28,374,0,0,0,20,0,0,6,0,110,0,2,0,0,2,0,2,3,1,1,141,4,3,3,5,7,6,2,7,0,0,0,6,1,6,0,5,0,44,25,0,6,0,15,7,0,0,3,1,15,0,0,10,0,272,0,15,0,17,0,0,0,12,0,0,14,30,1,13,0,0,4,2,2,8,0,0,1,2,1,0,21,0,0,74,0,6,4,0,15,21,56,0,0,0,0,26,5,21,0,0,2,0,1,1,12
open-project-1 (C#),1,81,0,3,11,0,0,0,1,8,33,0,0,0,13,0,0,2,0,52,0,1,0,0,2,0,0,4,1,0,325,0,8,3,0,2,0,4,2,0,0,0,10,0,2,0,0,1,28,0,0,3,0,1,3,0,0,0,0,1,0,0,0,0,166,0,8,0,5,0,0,0,4,0,0,8,16,0,2,0,0,0,0,0,2,0,0,0,2,1,1,5,0,0,152,0,1,0,0,0,1,17,0,2,0,0,39,14,7,0,0,0,0,0,1,0
downkyi (C#),0,124,26,16,0,0,0,0,0,94,85,0,0,0,43,1,0,2,0,8,0,0,0,0,0,0,0,44,0,1,19,1,4,0,0,0,44,0,3,0,0,0,0,0,1,0,0,0,2,2,0,0,0,3,0,0,0,0,35,0,0,0,0,8,115,0,0,0,93,0,0,0,163,0,0,51,11,0,0,0,24,0,0,1,4,0,0,0,0,0,0,44,0,0,208,0,0,26,0,3,0,18,0,24,0,0,0,1,1,0,0,0,0,19,0,0
Opserver (C#),0,1,0,1,12,0,0,0,0,20,110,0,0,0,13,0,0,1,0,61,0,0,0,0,4,0,0,5,0,6,7,5,9,1,0,1,8,0,2,0,0,0,6,0,13,0,0,0,3,0,0,0,0,1,2,0,0,0,0,0,0,0,0,0,5,0,2,0,9,0,0,0,0,0,0,3,15,0,1,3,3,1,0,2,24,0,0,2,2,0,2,19,0,0,7,0,0,8,0,0,5,115,0,1,0,0,4,2,4,0,0,4,0,0,0,0
WaveFunctionCollapse (C#),0,0,0,0,0,0,0,0,0,0,3,0,0,0,0,0,0,0,0,0,0,0,0,0,0,0,0,0,0,0,3,0,0,0,0,1,0,0,0,0,0,0,1,0,0,0,0,0,2,0,0,0,0,0,0,0,0,0,0,0,0,0,0,0,1,0,0,0,0,0,0,0,0,0,0,0,0,0,0,0,0,0,0,0,1,0,0,0,0,0,0,0,0,0,0,0,0,0,0,0,0,0,0,0,0,0,0,0,0,0,0,0,0,1,0,0
SparkleShare (C#),0,9,1,3,1,0,0,0,0,8,75,0,0,0,6,0,0,3,0,63,0,1,0,1,0,0,1,0,0,2,78,0,4,0,2,3,0,0,1,0,0,0,8,0,2,0,0,1,16,1,0,2,0,1,1,0,0,0,0,0,0,0,0,0,44,0,3,0,23,0,0,0,4,0,0,0,20,0,0,1,0,0,0,1,4,0,0,0,1,0,0,2,0,1,15,0,0,0,0,0,4,19,0,1,0,0,7,4,10,0,0,4,0,4,0,1
lively (C#),0,36,0,0,5,0,0,0,0,23,182,0,0,0,5,0,0,8,0,71,0,0,0,1,1,0,3,9,1,2,104,0,11,1,0,3,1,0,9,0,0,0,3,0,2,0,0,0,50,17,0,2,0,1,7,0,0,0,0,1,0,0,0,0,120,0,5,0,3,0,0,0,0,0,0,0,25,0,2,0,0,0,0,0,3,0,0,1,2,1,0,39,0,0,43,0,7,1,0,14,72,55,0,0,0,0,35,2,11,0,0,0,0,3,1,1
DotNetty (C#),0,55,3,17,28,0,0,0,1,31,832,0,0,2,83,3,0,11,0,108,0,2,0,3,403,0,13,12,23,18,323,1,16,5,2,28,6,1,16,0,0,0,64,2,15,0,0,14,37,21,0,14,0,3,5,0,0,5,0,22,6,1,3,0,535,0,5,0,197,0,0,0,26,0,2,23,440,2,5,3,28,2,0,13,35,0,3,1,13,2,3,10,1,0,69,0,2,16,0,11,15,464,5,6,0,0,41,11,106,0,0,5,0,20,1,0
mRemoteNG (C#),1,148,4,119,29,0,0,0,1,16,374,0,0,0,32,0,0,6,0,179,0,2,0,0,12,0,4,2,0,3,485,5,15,5,0,4,1,0,36,0,0,0,40,0,103,0,4,1,181,9,0,3,0,23,84,0,0,0,0,1,0,0,4,0,802,0,27,0,41,0,0,0,86,0,0,7,160,0,25,0,2,0,0,3,227,0,0,0,84,6,0,50,0,0,507,0,6,3,0,5,35,1299,1,2,0,0,43,197,72,0,0,9,0,0,1,2
AsyncEx (C#),0,1,0,4,4,0,0,0,0,7,32,0,0,0,2,0,0,0,0,78,0,0,0,0,1,0,0,1,0,0,27,1,1,0,0,5,0,0,0,0,0,0,1,0,4,0,0,0,2,0,0,0,0,0,0,0,0,0,0,0,0,0,0,0,17,0,0,0,0,0,0,0,3,0,0,2,177,0,0,0,0,0,0,0,0,0,0,0,0,0,0,1,0,0,6,0,0,0,0,1,2,47,0,0,0,0,0,8,0,0,0,0,0,0,0,0
FastEndpoints (C#),0,7,0,0,1,0,0,0,0,6,89,0,0,0,1,0,0,0,0,66,0,0,0,0,0,0,0,10,0,0,59,0,0,0,0,11,0,0,0,0,0,0,0,0,0,0,0,0,8,0,0,0,0,0,3,0,0,0,0,0,0,0,0,0,27,0,0,0,0,0,0,0,0,0,0,0,59,0,0,0,0,0,0,1,1,0,0,1,0,1,0,29,0,0,4,0,0,0,0,0,19,25,0,0,0,0,9,0,10,0,0,0,0,0,0,0
Blazorise (C#),0,191,3,2,13,0,0,0,0,40,399,0,0,0,17,0,0,5,0,214,0,0,0,0,53,0,1,13,6,27,228,7,17,4,1,45,6,1,0,0,0,0,9,0,8,0,0,1,19,8,0,1,0,4,2,0,0,0,0,1,0,0,0,0,439,0,0,0,23,0,0,0,1,0,0,5,436,0,1,1,0,1,0,0,27,0,0,0,2,1,0,246,0,0,247,0,7,3,0,21,395,411,0,4,0,0,71,4,124,0,0,0,0,2,1,2
StableSwarmUI (C#),0,4,0,1,2,0,0,0,0,2,11,0,0,0,1,1,0,0,0,17,0,0,0,0,0,0,0,3,0,0,17,1,2,0,0,5,1,0,1,0,0,0,2,0,0,0,0,1,3,0,0,0,0,0,0,0,0,0,0,0,0,0,0,0,6,0,2,0,9,0,0,0,0,0,0,0,5,0,0,0,0,0,0,0,3,0,0,0,1,0,0,1,0,2,4,0,0,1,0,0,17,17,0,0,0,0,6,1,3,0,0,0,0,0,0,0
devhome (C#),2,64,4,7,95,0,0,0,0,27,648,0,1,0,39,0,0,6,1,152,0,1,0,0,15,0,0,19,0,4,270,13,47,3,3,14,16,0,38,0,0,0,10,0,14,0,2,1,59,6,0,6,0,19,10,0,0,0,0,1,0,0,4,1,415,0,8,0,24,0,0,0,2,0,0,5,123,0,7,0,0,1,0,7,21,0,0,2,2,0,0,68,0,0,90,0,9,4,0,3,168,219,2,1,0,0,84,21,39,0,0,9,0,4,1,4
Prism (C#),0,86,3,2,7,0,0,0,3,22,613,0,0,0,22,0,0,4,1,266,0,0,0,0,45,0,22,3,0,15,173,4,39,3,0,14,1,2,6,0,0,0,11,0,20,0,7,0,195,197,0,0,0,2,3,0,0,0,1,3,5,0,4,0,388,0,31,0,6,0,0,0,26,0,0,35,834,0,14,1,2,1,0,3,6,0,0,1,0,0,1,32,0,0,87,0,3,2,0,10,68,178,0,1,0,0,100,6,240,0,0,5,0,1,0,0
dotnet-starter-kit (C#),0,1,0,0,2,0,0,0,0,2,42,0,0,0,2,0,0,0,0,26,0,0,0,0,4,0,0,23,2,0,5,0,0,0,0,0,2,0,3,0,0,0,1,0,0,0,0,0,2,0,0,0,0,1,0,0,0,0,0,0,0,0,0,0,8,0,0,0,1,0,0,0,0,0,0,0,51,0,0,0,0,0,0,0,0,0,0,1,0,0,0,2,0,0,3,0,0,0,0,0,27,58,0,0,0,0,0,1,2,0,0,0,0,1,0,0
Notepads (C#),1,38,0,6,4,0,0,0,2,3,102,0,0,0,10,0,0,2,0,89,0,4,0,1,0,0,0,2,1,0,60,0,16,2,0,1,1,1,4,0,0,2,3,1,8,0,19,0,28,5,0,2,0,1,2,0,0,1,0,0,0,0,0,0,181,0,22,0,13,0,0,0,8,0,0,0,19,0,3,1,2,2,0,3,3,0,0,1,2,0,2,31,0,0,21,0,4,0,0,3,14,23,0,1,0,0,2,2,8,0,0,4,0,0,0,5
blockchain (C#),0,0,1,0,0,0,0,0,0,0,2,0,0,0,1,0,0,0,0,0,0,0,0,0,0,0,0,0,0,0,0,0,2,0,0,0,0,0,1,0,0,0,1,0,0,0,0,0,0,0,0,0,0,0,0,0,0,0,0,0,0,0,0,0,0,0,0,0,2,0,0,0,0,0,0,0,1,0,0,0,0,0,0,0,0,0,0,0,0,0,0,0,0,0,0,0,0,0,0,0,0,5,0,0,0,0,0,0,0,0,0,0,0,0,0,0
ILSpy (C#),2,151,6,66,135,0,0,0,8,335,985,0,6,4,472,2,0,112,0,1228,0,3,0,2,19,0,30,32,5,7,437,54,438,66,5,43,21,4,37,0,0,0,40,3,186,0,4,19,299,97,0,15,1,36,7,6,0,1,1,21,1,0,10,0,1122,0,55,0,149,0,0,0,338,0,5,400,317,0,31,14,5,15,0,17,550,0,0,3,14,5,1,504,1,4,266,0,33,16,0,11,103,853,20,3,0,0,270,68,308,0,0,47,1,6,2,9
moq (C#),0,22,0,2,4,0,0,0,0,7,99,0,0,0,35,0,0,2,0,245,0,0,0,0,131,0,12,4,0,1,41,3,11,2,0,1,27,1,1,0,0,0,0,0,6,0,0,0,49,10,0,0,0,5,0,0,0,0,0,2,0,0,1,0,109,0,4,0,11,0,0,0,4,0,0,7,801,0,3,0,0,0,0,1,2,0,0,1,1,4,0,20,0,0,12,0,1,1,0,0,2,65,0,0,0,0,10,4,55,0,0,1,0,1,0,0
Tai (C#),0,123,0,1,4,0,0,0,0,146,80,0,0,0,1,0,0,46,0,27,0,0,0,0,0,0,0,11,0,0,83,0,10,1,0,0,0,0,9,0,0,0,4,0,0,0,1,3,193,6,0,1,0,3,2,0,0,6,0,0,0,0,0,0,192,0,2,0,5,0,0,0,73,0,0,98,27,0,1,0,0,0,0,0,3,0,0,0,0,0,0,21,0,0,92,0,6,3,0,0,0,33,2,4,0,0,4,3,5,0,0,0,0,0,0,0
samples (C#),4,277,4,79,76,0,0,0,15,66,1844,1,0,2,190,0,0,4,4,301,0,2,0,4,12,0,103,54,15,27,395,58,524,9,8,12,6,5,41,0,0,0,29,0,108,0,4,10,45,69,0,7,0,26,17,0,0,3,0,0,0,0,4,0,734,0,23,0,461,0,0,0,348,0,0,295,230,3,85,3,2,0,1,12,49,0,0,1,6,3,0,283,0,0,377,0,8,8,0,12,86,688,2,0,0,0,152,30,87,0,1,8,0,7,2,6
language-ext (C#),0,0,0,0,7,0,0,0,0,40,265,0,0,0,18,2,0,7,0,347,0,0,0,0,8,0,0,10,0,0,10,0,1,0,0,5,30,0,0,0,0,0,4,0,17,0,0,0,30,4,0,0,0,2,4,0,0,0,0,1,0,0,0,0,32,0,0,0,0,0,0,0,0,0,0,2,609,0,0,0,0,1,0,3,61,0,0,1,6,4,0,9,0,1,7,0,0,8,0,0,11,48,3,0,0,0,0,0,26,0,0,12,0,0,1,0
UIEffect (C#),0,23,0,1,0,0,0,0,0,0,3,0,0,0,0,0,0,0,0,12,0,0,0,0,0,0,0,0,0,0,41,1,2,0,0,7,0,0,0,0,0,0,0,1,4,0,0,0,6,0,0,0,0,0,0,0,0,0,0,0,0,0,0,0,19,0,9,0,0,0,0,0,29,0,0,26,6,0,0,0,0,0,0,0,0,0,0,0,0,0,0,7,0,5,31,0,0,0,0,1,2,1,0,0,0,0,4,0,5,0,0,0,0,0,0,0
1Remote (C#),1,31,2,2,5,0,0,0,2,24,149,0,0,0,9,0,0,8,0,87,0,0,0,0,1,0,2,5,0,1,46,1,56,0,13,9,1,0,4,0,0,0,8,0,6,0,2,0,52,5,0,0,0,1,2,0,0,3,0,0,0,0,4,0,108,0,5,0,11,0,0,0,11,0,0,2,28,0,0,0,1,1,0,2,7,0,0,0,0,0,1,20,0,0,39,0,0,1,0,27,22,78,0,5,0,0,2,4,3,0,0,4,0,3,2,2
AutoMapper (C#),0,33,2,1,0,0,0,0,0,4,142,0,0,0,6,0,0,0,0,60,0,0,0,1,1,0,7,5,0,0,46,1,0,1,0,14,0,0,2,0,0,0,0,0,5,0,0,4,11,10,0,0,0,1,3,0,0,1,0,0,1,0,0,0,50,0,4,0,5,0,0,0,2,0,0,1,247,0,4,0,0,0,0,0,8,0,0,0,0,0,0,27,0,0,21,0,2,0,0,0,1,26,0,0,0,0,16,0,19,0,0,3,0,0,2,3
electrino (C#),0,1,0,0,0,0,0,0,0,28,35,0,0,0,2,0,0,9,0,7,0,0,0,0,0,0,0,0,0,0,1,0,4,0,0,0,0,0,2,0,0,0,0,0,0,0,0,1,14,1,0,0,0,0,0,0,0,0,0,0,0,0,0,0,5,0,0,0,3,0,0,0,1,0,0,6,6,0,0,0,0,0,0,0,1,0,0,0,0,0,0,5,0,0,1,0,0,0,0,0,0,11,0,0,0,0,0,5,2,0,0,0,0,0,0,0
AspNetCoreDiagnosticScenarios (C#),0,0,0,0,0,0,0,0,0,1,7,0,0,0,0,0,0,0,0,10,0,0,0,0,0,0,0,1,0,0,2,0,0,0,0,0,0,0,0,0,0,0,0,0,0,0,0,0,0,0,0,0,0,2,0,0,0,0,0,0,0,0,0,0,2,0,0,0,7,0,0,0,0,0,0,0,31,0,0,0,0,0,0,0,5,0,0,0,0,0,0,1,0,0,0,0,0,0,0,0,1,15,0,0,0,0,0,0,2,0,0,0,0,0,0,0
C-Sharp (C#),0,17,5,0,5,0,0,0,0,6,78,0,0,0,13,0,0,2,0,112,0,1,0,3,6,0,0,5,0,1,22,0,4,2,0,2,1,1,4,0,0,0,2,0,14,0,0,0,3,13,0,1,0,2,0,0,0,2,0,2,0,0,0,0,125,0,14,0,10,0,0,0,0,0,0,4,306,0,8,0,0,0,1,1,8,0,0,0,0,1,0,24,0,0,5,0,1,3,0,0,0,73,0,2,0,0,1,1,29,0,0,0,0,0,9,0
FreeSql (C#),0,1,0,0,0,0,0,0,0,0,5,0,0,0,0,0,0,0,0,1,0,0,0,0,0,0,0,1,0,0,2,0,0,0,0,0,0,0,0,0,0,0,0,0,0,0,0,0,0,0,0,0,0,0,0,0,0,0,0,0,0,0,0,0,0,0,0,0,0,0,0,0,0,0,0,0,3,0,0,0,0,0,0,0,0,0,0,0,0,0,0,0,0,0,0,0,0,0,0,0,2,4,0,0,0,0,0,0,1,0,0,0,0,0,0,0
asm-dude (C#),1,37,0,26,21,0,0,0,0,6,118,0,0,1,30,0,0,2,0,136,0,0,0,0,0,0,0,5,0,1,64,1,539,0,7,1,2,0,8,0,0,0,11,0,32,0,0,0,8,1,0,2,3,9,1,0,0,1,1,0,0,0,0,0,247,0,5,0,28,0,0,0,15,0,0,32,50,0,9,4,0,0,0,0,11,0,0,0,4,0,0,5,0,0,295,0,0,2,0,2,28,62,0,0,0,0,37,269,25,0,0,3,0,0,0,0
maui (C#),30,1469,27,77,271,0,0,0,18,316,5404,0,0,10,362,5,0,103,2,3129,0,13,0,12,71,0,90,58,23,32,3078,93,449,39,28,74,51,40,139,4,0,12,176,3,168,0,20,3,2058,274,0,100,2,148,106,4,0,37,0,12,0,0,50,5,5533,0,366,1,315,0,4,0,292,0,3,384,2660,6,208,25,5,7,1,69,101,0,1,18,25,21,6,663,0,0,1258,0,89,36,0,81,748,1673,9,4,0,0,1004,81,468,0,0,37,0,10,8,45
libgit2sharp (C#),0,8,1,21,13,0,0,0,0,102,424,0,1,0,26,0,0,10,0,94,0,1,0,1,4,0,6,10,1,5,288,8,21,0,4,3,9,0,2,0,0,0,19,0,40,0,0,1,74,1,0,1,0,1,2,0,0,0,0,4,0,0,0,0,667,0,0,0,46,2,0,0,29,0,0,60,42,0,0,0,0,1,0,4,10,0,0,0,3,0,0,22,0,0,15,0,0,2,0,3,2,215,1,0,0,0,13,5,11,0,0,1,0,0,2,0
SteamTools (C#),1,15,0,0,6,0,0,0,0,9,109,0,0,0,16,0,0,6,0,58,0,0,0,0,0,0,0,13,0,2,27,0,3,0,0,6,2,0,0,0,0,0,7,0,1,0,0,0,21,0,0,1,0,3,0,0,0,0,0,0,0,0,2,0,66,0,4,0,5,0,0,0,1,0,0,2,32,0,1,0,0,1,0,1,6,0,0,0,1,0,0,24,0,0,11,0,1,0,0,1,18,39,1,0,0,0,4,0,11,0,0,2,0,0,0,1
Playnite (C#),0,337,1,17,41,4,0,0,1,97,804,0,10,1,103,0,2,19,0,285,0,7,0,0,3,0,37,7,0,10,214,14,97,4,0,7,17,6,20,0,0,0,29,0,10,0,0,8,119,78,0,9,0,14,10,0,0,0,0,1,0,0,1,0,327,0,25,0,78,0,0,0,319,0,9,247,122,0,64,1,2,3,0,1,7,0,2,9,5,0,0,121,0,0,524,0,3,8,0,82,71,156,3,0,0,0,79,30,16,0,1,4,0,0,0,2
Architecture (C#),0,0,0,0,0,0,0,0,0,0,11,0,0,0,0,0,0,0,0,2,0,0,0,0,0,0,0,1,0,0,0,0,0,0,0,0,0,0,0,0,0,0,0,0,0,0,0,0,0,0,0,0,0,0,1,0,0,0,0,0,0,0,0,0,0,0,0,0,0,0,0,0,0,0,0,0,7,0,0,0,0,0,0,0,0,0,0,0,0,0,0,0,0,0,0,0,0,0,0,0,0,0,0,0,0,0,0,0,0,0,0,0,0,0,0,0
gsudo (C#),0,7,0,0,3,0,0,0,0,3,28,0,0,0,0,0,0,2,0,17,0,0,0,0,4,0,1,2,1,1,9,1,4,0,1,0,0,0,0,0,0,0,0,0,0,0,0,0,1,1,0,0,0,1,0,0,0,0,0,1,0,0,0,0,2,0,2,0,1,0,0,0,0,0,0,0,25,0,0,0,0,1,0,0,0,0,0,0,1,0,0,1,0,0,3,0,0,0,0,0,11,12,0,0,0,0,1,0,3,0,0,0,0,1,0,0
ProxySU (C#),0,19,0,4,0,0,0,0,0,18,66,0,0,0,1,0,0,2,0,33,0,0,0,0,0,0,0,0,0,1,33,0,7,0,0,0,0,0,0,0,0,0,25,0,2,0,0,0,5,0,0,0,0,0,0,0,0,0,0,0,0,0,0,0,59,0,0,0,2,0,0,0,5,0,0,1,17,0,1,1,0,0,0,0,0,0,0,0,0,0,0,7,0,0,22,0,0,0,0,3,11,15,0,0,0,0,0,0,0,0,0,0,0,0,0,0
openiddict-core (C#),2,5,0,0,53,0,0,0,0,6,151,0,0,0,1,0,0,1,0,427,0,0,0,0,25,0,0,9,6,0,7,0,0,0,0,1,3,0,0,0,0,0,2,0,0,0,0,0,5,2,0,0,0,11,77,0,0,0,0,2,0,0,0,0,20,0,3,0,22,0,0,0,0,0,0,0,640,0,0,0,0,0,0,2,15,0,0,0,2,0,0,0,0,0,0,0,0,0,0,0,125,204,0,0,0,0,1,0,0,0,0,2,0,0,0,1
wavefunctioncollapse (C#),0,10,0,0,5,0,0,0,0,7,16,0,0,0,6,0,0,4,0,4,0,0,0,0,1,0,0,3,1,0,30,2,3,1,0,2,0,0,3,0,0,0,0,1,2,0,0,0,1,1,0,0,0,0,0,0,0,0,0,1,0,0,0,0,53,0,0,0,4,0,0,0,2,0,0,3,7,2,0,1,0,0,0,0,2,0,0,0,0,1,1,3,0,0,4,0,0,2,0,0,1,8,1,0,0,0,2,6,4,0,0,0,0,0,0,0
abp (C#),5,136,0,22,168,0,0,0,5,73,2747,0,1,1,63,0,0,9,1,1108,0,0,0,4,23,0,3,204,9,28,275,49,93,7,0,49,8,9,105,0,0,0,42,0,37,0,0,1,42,63,0,4,0,68,45,0,0,3,0,3,2,0,1,0,744,0,39,0,56,0,1,0,7,0,1,60,1664,0,24,4,1,2,0,9,82,0,0,0,9,3,1,267,0,0,116,0,1,11,0,1,1941,1764,0,0,0,0,146,36,134,0,0,18,0,13,0,10
StackExchange.Redis (C#),0,16,0,5,7,0,0,0,0,209,243,0,0,0,30,0,0,23,0,282,0,1,0,0,0,0,3,11,1,1,192,4,5,1,4,4,4,0,4,0,0,1,11,2,2,0,0,0,38,0,0,0,0,2,0,1,0,3,0,1,0,0,1,0,178,0,1,0,30,0,0,0,1,0,0,2,500,0,0,3,1,1,0,2,35,0,0,2,3,0,1,4,0,0,17,0,1,0,0,0,273,207,1,2,0,0,10,4,84,0,0,5,0,0,0,1
Bulk-Crap-Uninstaller (C#),4,428,1,52,14,0,0,0,4,26,398,0,0,1,85,0,0,13,5,239,0,3,0,2,11,0,11,4,3,9,217,3,141,2,2,11,4,1,23,0,0,0,10,1,37,0,2,1,116,27,0,7,0,17,6,3,0,1,0,0,0,0,3,0,515,0,49,2,25,0,0,0,328,0,0,360,79,0,21,3,1,5,0,18,9,0,2,3,5,0,0,189,0,0,428,0,9,2,0,36,39,204,2,0,0,0,63,103,23,0,0,3,0,6,0,1
Jackett (C#),2,9,1,1,13,0,0,0,0,8,180,0,0,0,5,0,0,1,0,62,0,0,0,0,3,0,0,3,0,1,20,0,1,2,0,10,0,0,45,0,0,0,4,0,3,0,0,0,15,1,0,0,0,52,1,0,0,2,0,1,0,0,0,0,66,0,1,0,5,0,0,0,0,0,0,0,68,0,5,0,0,1,0,5,27,0,1,0,1,0,0,4,0,0,5,0,0,1,0,1,15,90,1,0,0,0,12,0,21,0,0,1,0,0,0,1
EventStore (C#),6,314,4,74,164,0,0,0,4,160,1293,0,0,2,189,2,1,32,0,604,0,3,0,9,43,0,65,53,6,39,2046,118,285,13,4,39,43,10,28,0,0,3,68,1,46,0,0,6,1030,183,0,13,0,72,41,1,0,1,0,2,0,0,1,0,3070,0,33,0,80,0,0,0,166,0,2,135,437,0,49,1,0,1,0,9,39,0,0,2,21,3,1,108,0,0,296,0,9,5,0,3,1088,662,3,3,0,0,157,61,366,0,0,22,0,17,10,20
FPSSample (C#),25,411,10,125,61,0,0,0,5,91,871,0,0,6,148,0,0,25,0,515,0,13,0,20,23,0,41,15,11,20,1006,110,557,37,3,27,39,4,43,0,0,5,67,1,142,0,6,11,187,13,0,16,0,15,78,1,0,4,0,1,1,0,3,0,1372,0,75,0,112,0,3,0,167,0,5,307,292,2,139,12,4,2,3,14,55,0,0,4,15,2,0,472,0,0,461,0,20,15,0,23,60,356,2,6,0,0,223,132,178,3,0,28,0,4,4,13
CsvHelper (C#),2,8,1,3,7,0,0,0,0,4,196,0,0,0,30,0,0,0,0,486,0,0,0,0,29,0,3,4,10,22,20,1,4,0,0,6,1,0,4,0,0,0,4,0,3,0,0,0,23,37,0,2,0,3,0,0,0,0,0,1,1,0,0,0,40,0,0,0,17,0,0,0,3,0,0,6,554,0,12,0,0,0,0,0,4,0,0,0,0,51,0,15,0,1,4,0,4,3,0,0,1,129,0,2,0,0,1,0,20,0,0,2,0,8,0,0
Fody (C#),0,1,0,1,1,0,0,0,0,2,16,0,0,0,7,0,0,0,0,49,0,0,0,0,0,0,0,0,0,0,5,0,0,0,0,1,1,0,0,0,0,0,1,0,0,0,0,0,3,1,0,0,0,0,0,0,0,0,0,0,0,0,0,0,26,0,1,0,1,0,0,0,0,0,0,0,29,0,0,0,0,0,0,0,1,0,0,0,0,0,1,13,0,0,6,0,0,3,0,0,0,7,0,1,0,0,24,0,9,0,0,0,0,0,0,0
PushSharp (C#),0,1,0,2,0,0,0,0,0,3,98,0,0,0,1,0,0,2,0,8,0,0,0,0,0,0,0,0,0,1,6,7,5,1,0,0,0,0,1,0,0,0,1,0,0,0,0,1,0,0,0,0,0,1,0,0,0,0,0,0,0,0,0,0,12,0,0,0,7,0,0,0,1,0,0,0,18,0,2,0,0,1,0,0,3,0,0,0,0,0,0,7,0,0,6,0,0,0,0,0,15,4,0,0,0,0,0,0,4,0,0,2,0,0,0,0
Util (C#),2,176,0,11,245,0,0,0,0,34,1339,0,4,1,38,1,0,3,0,368,0,0,0,0,122,0,0,37,1038,89,530,41,67,3,0,19,2,70,36,0,0,0,51,1,7,0,3,2,116,3,0,3,0,21,17,0,0,2,0,80,2,0,0,0,4252,0,7,0,143,0,0,0,16,0,0,79,698,0,182,4,14,2,0,148,30,0,0,0,17,0,0,84,0,0,78,0,0,25,0,0,1192,908,1,1,0,0,46,13,126,0,0,4,0,21,0,4
Bogus (C#),0,19,0,0,10,0,0,0,0,7,98,0,0,3,0,0,0,1,0,96,0,0,0,0,7,0,2,1,0,4,180,0,13,0,0,0,0,0,4,0,0,0,2,1,0,0,0,0,1,0,0,1,0,1,0,0,0,1,0,0,0,0,0,0,137,0,0,0,100,0,0,0,2,0,0,5,240,0,1,0,1,0,0,1,1,0,0,0,1,0,0,2,0,0,6,0,1,1,0,0,1,131,0,0,0,0,5,0,4,0,0,0,0,0,0,1
SkiaSharp (C#),2,51,1,1,22,0,0,0,0,95,470,0,1,1,24,0,0,97,0,35,0,1,0,0,2,0,2,16,0,0,135,3,22,0,3,7,21,0,10,0,0,0,9,0,6,0,0,1,177,7,2,2,0,1,3,0,0,1,0,2,0,0,7,1,202,0,14,0,9,0,0,0,1,0,2,4,73,0,5,0,0,0,1,2,63,0,0,3,2,0,0,21,0,0,59,0,0,1,0,11,26,104,0,5,0,0,43,2,11,0,0,4,0,0,5,0
mathnet-numerics (C#),9,30,0,38,30,0,0,0,0,385,497,0,2,2,38,1,0,16,0,1823,0,6,0,28,15,0,11,28,7,4,134,24,249,9,0,1,8,0,9,0,0,2,3,1,52,0,0,2,722,86,0,0,0,0,2,0,0,0,0,8,0,0,0,0,904,0,17,0,113,0,0,0,5,0,2,6,1455,0,90,0,3,10,0,1,20,0,0,21,3,1,2,19,2,0,63,0,21,1,0,1,4,560,0,0,0,0,11,8,854,0,0,4,0,6,11,0
Lean (C#),2,322,15,48,170,0,0,0,4,143,3326,0,4,4,242,0,1,14,0,1194,2,1,0,6,24,0,18,59,6,25,902,58,111,19,1,77,102,29,249,0,0,0,42,4,77,0,1,0,291,112,0,137,0,74,855,0,0,10,0,5,1,0,6,3,2201,0,23,0,70,0,1,0,74,0,5,109,1728,0,162,1,0,2,0,12,62,0,1,0,28,2,4,252,0,0,236,0,26,19,0,13,27,1719,4,1,0,0,145,101,392,0,0,12,0,7,3,6
Seatbelt (C#),0,2,0,0,36,0,0,0,0,7,236,0,0,0,1,0,0,1,0,16,0,0,0,0,0,0,0,0,0,0,5,0,4,0,1,0,2,2,2,0,0,0,1,0,0,0,0,0,1,0,0,0,0,27,5,0,0,0,0,0,0,0,0,0,13,0,0,0,3,0,0,0,1,0,0,0,17,0,0,0,0,0,0,0,1,0,0,0,2,0,0,37,0,0,3,0,0,0,0,0,0,19,0,0,0,0,1,0,0,0,0,0,0,0,1,0
pythonnet (C#),0,8,2,3,5,0,0,0,0,10,266,0,0,0,26,0,0,4,0,253,0,1,0,0,2,0,5,2,1,1,19,1,25,0,3,0,2,1,1,0,0,1,12,0,4,0,0,0,20,4,0,1,0,6,12,0,0,0,0,0,1,0,0,0,47,0,3,0,46,0,0,0,11,0,0,3,115,0,0,0,0,0,0,1,6,0,0,1,2,2,0,20,0,0,45,0,0,0,0,3,0,47,0,0,0,0,16,3,6,0,0,1,0,0,0,2
YoutubeDownloader (C#),0,3,0,0,0,0,0,0,0,0,6,0,0,0,0,0,0,0,0,5,0,0,0,0,0,0,0,0,0,0,9,0,0,0,0,0,0,0,0,0,0,0,0,0,0,0,0,0,0,0,0,0,0,0,0,0,0,0,0,0,0,0,0,0,7,0,1,0,0,0,0,0,1,0,0,0,2,0,0,0,0,0,0,0,0,0,0,0,0,0,0,1,0,0,2,0,0,0,0,0,3,1,0,0,0,0,1,0,1,0,0,0,0,0,0,0
Flow.Launcher (C#),0,42,1,6,23,0,0,0,0,42,135,0,3,0,2,0,0,8,0,102,0,0,0,0,1,0,0,3,1,4,62,4,9,2,2,6,1,0,6,0,0,2,6,0,2,0,0,0,51,11,0,1,0,8,2,0,0,0,0,1,1,0,2,0,91,0,1,0,18,0,1,0,9,0,0,4,39,0,8,0,1,0,0,3,5,0,0,0,1,2,0,20,0,0,70,0,4,4,0,19,32,41,0,1,0,0,4,2,15,0,0,0,0,0,0,2
WPF-Samples (C#),1,217,2,19,13,0,0,0,3,100,811,0,1,2,11,0,0,35,0,213,0,0,0,1,10,0,10,57,1,0,123,6,37,2,0,9,3,2,14,0,0,0,5,0,19,0,0,2,205,140,0,6,0,13,7,0,0,2,0,4,1,0,9,0,588,0,39,0,16,0,0,0,105,0,0,69,138,0,3,0,0,1,0,4,9,0,1,2,2,0,2,353,0,0,101,0,21,4,0,25,5,86,0,0,0,0,21,9,40,0,0,0,0,1,0,1
PSReadLine (C#),0,7,0,5,0,0,0,0,0,11,30,0,0,0,6,0,0,2,0,45,0,0,0,0,1,0,0,1,0,1,223,0,5,1,0,6,1,0,1,0,0,1,9,0,1,0,0,0,17,2,0,1,0,1,3,0,0,0,0,0,0,0,0,0,124,0,5,0,28,0,0,0,2,0,0,1,30,0,0,2,1,0,0,0,5,0,0,0,1,0,0,3,0,0,16,0,0,1,0,1,1,8,0,0,0,0,4,4,3,0,0,1,0,0,2,0
Emby (C#),4,81,1,87,194,0,0,0,6,135,912,0,3,5,101,0,0,20,0,315,0,8,1,6,26,0,36,19,27,7,362,15,616,8,0,20,7,0,119,0,0,1,54,1,48,0,5,28,50,39,0,6,0,40,24,1,0,3,0,5,0,0,3,0,561,0,46,0,303,0,0,0,137,0,0,100,259,0,27,0,9,6,1,10,50,0,4,1,15,0,1,236,0,0,157,0,2,5,0,6,172,978,2,5,0,0,44,57,49,0,1,14,1,8,0,59
SyncTrayzor (C#),1,33,0,4,4,0,0,0,0,3,188,0,0,1,24,0,0,5,1,10,0,0,0,0,8,0,1,5,2,0,157,4,51,0,0,0,0,0,3,0,0,0,12,1,6,0,0,0,39,7,0,1,0,0,4,0,0,0,0,1,0,0,0,0,187,0,2,0,18,0,0,0,21,0,0,27,29,0,3,0,0,0,0,1,3,0,0,0,0,0,0,8,0,0,35,0,2,2,0,3,18,91,0,1,0,0,11,6,18,0,0,7,0,0,0,0
workflow-core (C#),0,17,0,0,7,0,0,0,0,17,156,0,0,0,9,0,0,0,0,53,0,0,0,2,17,0,0,6,0,8,42,5,3,0,0,9,1,0,33,0,0,0,2,0,1,0,0,0,1,10,0,0,0,1,0,0,0,3,0,0,0,0,0,0,112,0,6,0,0,0,0,0,0,0,0,3,235,0,7,0,0,0,0,3,5,0,0,0,0,1,0,19,0,0,6,0,1,4,0,0,88,140,1,0,0,0,17,0,9,0,0,1,0,0,0,3
PowerToys (C#),0,201,0,61,63,0,0,0,2,169,797,0,0,0,55,0,2,31,0,477,0,2,0,3,2,0,12,20,11,7,444,13,140,13,38,11,6,3,12,0,0,0,39,1,47,0,0,2,263,30,0,13,0,8,5,1,0,0,0,3,0,0,4,0,731,0,32,0,57,0,0,0,263,0,0,85,295,0,13,3,2,3,0,4,12,0,0,1,7,1,2,172,0,0,327,0,8,0,0,166,95,141,0,6,0,0,35,94,92,0,0,6,0,3,4,3
tModLoader (C#),18,122,9,17,15,0,0,0,0,40,280,0,0,2,54,0,0,26,0,654,0,7,0,0,9,0,23,3,1,4,521,10,550,9,1,9,5,0,14,0,0,9,37,0,16,0,0,1,167,12,0,39,0,0,14,1,0,1,0,4,3,0,2,0,353,0,13,0,17,0,0,0,6,0,0,6,322,0,17,3,0,5,2,10,13,0,0,18,3,16,0,398,0,0,189,0,40,1,0,4,8,84,0,6,0,0,956,13,122,0,0,30,0,3,2,2
Common.Utility (C#),0,3,0,3,0,0,0,0,0,9,27,0,0,0,2,0,0,1,0,5,0,0,0,0,0,0,1,0,0,0,22,0,2,0,0,0,0,0,1,0,0,0,11,0,3,0,0,0,0,0,0,0,0,0,0,0,0,1,0,2,0,0,0,0,6,0,1,0,18,0,0,0,18,0,0,3,25,0,1,0,1,2,0,5,18,0,0,0,0,0,0,1,0,0,11,0,1,0,0,0,0,8,0,0,0,0,2,0,10,0,0,0,0,0,0,0
reverse-proxy (C#),2,12,0,5,19,0,0,0,2,18,161,0,0,0,11,1,0,1,0,130,0,0,0,0,8,0,3,48,0,1,28,4,9,2,0,7,4,0,12,0,0,0,4,0,3,0,0,0,28,13,0,0,0,14,2,0,0,1,0,0,0,0,0,0,148,0,1,0,4,0,1,0,0,0,0,4,329,0,4,0,0,0,0,3,14,0,0,0,4,0,0,26,0,0,11,0,1,0,0,0,107,100,0,0,0,0,44,8,66,0,0,7,0,1,1,1
testcontainers-dotnet (C#),0,2,0,2,46,0,0,0,0,8,471,0,0,0,2,0,0,7,0,78,0,0,0,0,2,0,0,97,4,10,41,8,13,1,0,1,3,0,0,0,0,0,17,0,1,0,7,0,13,10,0,0,0,1,2,0,0,0,0,1,0,0,0,0,11,0,0,0,158,0,0,0,0,0,0,4,28,0,49,0,0,0,0,0,5,0,0,0,0,0,0,20,0,0,3,0,0,0,0,0,67,288,0,0,0,0,1,1,8,0,0,1,0,3,0,0
win-acme (C#),0,11,0,0,33,0,0,0,0,17,209,0,0,2,17,0,0,2,0,16,0,0,0,1,6,0,2,47,1,5,22,0,12,0,0,2,5,1,13,0,0,0,0,0,3,0,2,0,3,10,0,1,0,3,38,0,0,0,0,0,0,0,1,0,111,0,3,0,4,0,0,0,0,0,0,1,44,0,0,0,3,1,0,4,28,0,0,0,2,0,0,22,0,0,6,0,0,3,0,4,89,175,0,0,0,0,11,0,42,0,0,0,0,0,1,1
QuestPDF (C#),0,36,0,2,7,0,0,0,0,6,89,0,0,0,1,0,0,1,0,244,0,0,0,0,2,0,0,3,2,11,39,4,5,1,21,1,11,4,10,0,0,0,1,1,0,0,0,0,32,1,0,0,0,5,5,0,0,10,0,1,0,0,0,0,120,0,0,0,8,0,0,0,0,0,1,10,25,0,0,0,0,1,0,2,6,0,0,0,1,0,0,3,0,0,54,0,0,1,0,0,4,47,0,0,0,0,35,0,12,0,0,0,0,23,0,0
Sonarr (C#),0,141,0,8,363,0,0,0,1,50,1329,0,0,0,144,0,0,13,0,830,0,6,0,2,6,0,11,48,7,8,1102,16,57,10,0,3,6,13,149,0,0,0,50,3,9,0,1,1,204,22,0,1,0,43,20,0,0,5,0,4,0,1,1,0,1525,0,29,0,82,0,0,0,24,0,1,11,758,0,76,1,5,1,0,10,32,0,0,4,10,0,0,80,0,0,318,0,1,2,0,41,155,978,0,0,0,0,37,6,109,0,0,9,0,6,0,23
commandline (C#),0,1,0,0,0,0,0,0,0,4,96,0,0,0,11,0,0,0,0,36,0,0,0,0,0,0,0,12,1,0,7,0,3,3,2,0,0,0,0,0,0,0,0,0,2,0,0,0,13,1,0,0,0,0,0,0,0,0,0,0,0,0,0,0,17,0,0,0,11,0,0,0,77,0,0,42,114,0,0,1,0,0,0,0,1,0,0,0,0,0,0,6,0,0,20,0,0,1,0,1,2,6,0,0,0,0,0,0,3,0,0,0,0,1,0,1
VRTK (C#),0,21,0,0,0,0,0,0,0,1,0,0,0,0,0,0,0,0,0,3,0,0,0,0,0,0,0,0,0,0,23,0,2,0,0,0,0,0,0,0,0,0,0,0,0,0,0,0,2,0,0,0,0,1,0,0,0,0,0,0,0,0,0,0,4,0,0,0,0,0,0,0,8,0,0,23,0,0,0,0,0,0,0,0,0,0,0,0,0,0,0,1,0,0,12,0,0,0,0,1,3,0,0,0,0,0,0,0,2,0,0,0,0,0,0,0
Deform (C#),0,12,0,6,15,0,0,0,0,0,11,0,0,0,7,0,0,0,0,22,0,0,0,0,1,0,0,0,0,30,98,0,3,1,0,1,0,1,0,0,0,0,8,0,5,0,0,0,8,0,0,0,0,0,0,0,0,0,0,1,0,0,0,0,54,0,7,0,1,0,0,0,0,0,0,0,10,0,0,0,0,1,0,0,0,0,0,0,0,0,0,0,0,0,53,0,0,1,0,0,3,4,0,1,0,0,2,4,3,0,0,0,0,0,0,0
BenchmarkDotNet (C#),1,21,2,10,24,0,0,0,0,21,561,0,0,1,23,0,0,4,0,271,0,0,0,1,24,0,10,13,5,8,90,9,18,3,0,1,9,1,6,0,0,0,4,2,9,0,0,0,65,8,0,5,0,14,14,0,0,1,0,1,0,0,0,0,146,0,2,0,7,0,0,0,20,0,0,9,183,0,7,2,1,2,0,4,25,0,0,0,8,1,0,9,0,0,33,0,4,0,0,0,1,84,0,1,0,0,134,1,136,0,0,2,0,19,2,12
PEASS-ng (C#),2,48,7,49,38,0,0,0,0,151,610,0,7,0,79,3,0,15,0,172,0,3,0,0,5,0,16,45,32,3,254,36,107,0,3,7,13,1,7,1,0,3,51,2,11,0,0,5,125,13,0,6,0,3,2,1,0,2,0,3,0,11,0,1,155,0,7,0,119,0,0,0,129,0,1,40,39,1,2,0,9,4,0,2,10,0,2,10,6,1,0,25,1,0,100,0,0,7,0,10,30,123,1,10,0,0,10,40,29,0,1,6,0,13,2,0
jint (C#),3,30,3,6,55,0,0,0,0,59,450,0,0,0,108,0,0,23,0,197,0,0,0,3,22,0,4,9,3,5,270,21,19,8,0,11,6,3,11,0,0,0,14,6,17,0,0,2,31,27,0,0,0,3,5,1,0,9,1,9,2,0,1,0,379,0,3,1,22,0,1,0,3,0,1,5,382,0,5,6,1,5,0,5,107,0,0,1,12,0,0,24,0,0,34,0,3,22,0,1,7,366,5,1,0,0,25,9,42,0,0,8,0,0,0,0
winforms (C#),6,519,22,36,69,0,0,0,20,270,1647,0,1,11,233,4,0,107,40,11239,0,17,1,5,32,0,536,123,5,33,1076,54,168,18,25,54,56,6,60,3,0,0,89,2,110,0,22,9,1067,642,0,25,1,55,47,0,0,5,3,36,2,0,11,2,2279,0,125,0,98,2,2,0,144,0,0,121,5627,3,30,25,3,17,2,11,78,0,4,14,13,12,7,305,0,0,526,1,41,22,0,162,242,588,4,8,0,0,211,59,348,0,1,15,0,9,20,7
Hearthstone-Deck-Tracker (C#),1,110,2,8,17,0,0,0,2,80,416,0,0,2,21,0,0,13,0,233,0,0,0,0,3,0,6,11,26,11,144,3,38,2,1,6,8,1,4,1,0,0,8,0,3,0,0,0,429,2,0,3,0,6,11,0,0,0,0,0,0,0,0,0,392,0,11,0,7,0,0,0,50,0,0,32,115,0,5,1,0,2,0,0,7,0,0,4,5,0,3,66,0,0,170,0,4,3,0,56,62,44,1,3,0,0,5,5,24,0,0,1,0,3,0,1
ClosedXML (C#),0,57,0,25,33,0,0,0,4,42,331,0,0,1,83,1,0,12,6,818,0,1,0,4,80,0,2,54,4,372,160,15,31,19,0,32,6,9,36,0,0,0,28,1,45,0,0,6,10,8,0,0,0,27,10,0,0,1,0,27,6,0,0,0,317,0,0,0,57,0,1,0,59,0,5,54,1017,0,7,6,1,3,0,17,32,0,0,0,6,1,2,59,2,0,53,0,1,2,0,33,9,463,3,12,0,0,8,31,77,0,0,4,0,3,0,0
Eto (C#),16,822,10,197,131,0,0,0,22,152,1237,0,0,1,133,2,0,60,0,877,0,13,1,3,18,0,80,24,3,20,894,80,649,32,5,74,22,21,178,1,0,2,75,3,259,0,26,6,266,146,0,15,0,84,68,0,0,58,0,5,0,0,25,0,1328,0,132,0,78,1,2,0,303,0,3,532,455,0,177,9,1,8,0,46,52,0,0,17,28,13,2,517,0,0,749,0,29,19,0,221,364,662,4,2,0,0,309,179,124,2,0,9,0,1,10,42
BetterJoy (C#),2,2,0,1,0,0,0,0,0,3,17,0,0,1,2,0,0,0,0,18,0,0,0,0,0,0,0,0,0,0,30,0,0,1,0,0,0,0,0,0,0,0,0,0,0,0,0,2,7,1,0,0,0,0,0,0,0,0,0,0,0,0,2,0,43,0,1,0,4,0,0,0,4,0,0,5,5,0,0,0,0,0,0,0,0,0,0,0,0,0,0,0,0,0,8,0,1,0,0,1,1,2,0,0,0,0,0,2,0,0,0,0,0,0,0,0
clashN (C#),1,9,0,0,1,0,0,0,0,1,40,0,0,0,0,0,0,2,0,31,0,0,0,0,0,0,0,0,0,0,23,0,1,0,1,1,0,0,0,0,0,0,1,0,0,0,0,0,8,0,0,0,0,0,1,0,0,0,0,0,0,0,1,0,39,0,2,0,3,0,0,0,0,0,0,1,13,0,1,0,0,0,0,0,3,0,0,0,0,0,0,3,0,0,1,0,0,0,0,0,4,6,0,0,0,0,0,0,0,0,0,0,0,0,0,0
Ocelot (C#),0,144,0,0,52,0,0,0,0,7,459,0,0,0,6,0,0,0,0,68,0,0,0,0,10,0,2,24,1,28,617,15,41,1,0,9,1,5,15,0,0,0,3,0,2,0,0,0,41,25,0,0,0,22,12,0,0,1,0,4,0,0,0,0,916,0,2,0,2,0,0,0,1,0,0,10,49,0,3,0,0,0,0,0,4,0,0,0,2,0,0,8,0,0,200,0,0,0,0,0,90,56,2,0,0,0,25,2,24,0,0,4,0,63,0,3
BiliBiliToolPro (C#),0,2,0,0,3,0,0,0,0,1,70,0,0,1,1,0,0,0,0,19,0,0,0,0,0,0,0,17,0,0,8,1,2,0,0,0,0,0,4,0,0,0,0,0,0,0,0,1,0,0,0,0,0,0,0,0,0,0,0,0,0,0,0,0,14,0,0,0,8,0,0,0,0,0,0,1,32,0,0,1,2,0,0,0,3,0,0,0,0,0,0,4,0,0,0,0,0,0,0,0,63,56,0,0,0,0,0,1,11,0,0,0,0,0,1,0
optimizer (C#),0,13,0,1,0,0,0,0,0,12,34,0,0,0,2,0,0,0,0,39,0,0,0,1,0,0,0,0,0,0,41,0,1,1,0,0,1,0,1,0,0,0,0,0,0,0,0,0,45,0,0,0,0,1,0,0,0,0,0,3,0,0,1,0,70,0,3,0,7,0,0,0,11,0,2,4,4,0,0,0,0,2,0,0,0,0,0,0,0,0,0,15,0,0,14,0,0,1,0,1,0,6,0,0,0,0,8,4,1,0,0,0,0,0,0,0
server (C#),1,22,0,2,264,0,0,0,2,63,975,0,3,2,30,0,0,9,0,474,0,0,0,11,7,0,0,103,2,9,32,20,28,5,0,5,19,9,71,0,0,0,11,0,31,0,1,0,44,26,0,0,0,47,8,0,0,2,0,0,1,0,0,0,58,0,8,0,14,0,1,0,6,0,0,5,1904,0,2,0,1,1,0,5,142,0,1,0,16,2,3,66,0,0,46,0,42,1,0,1,997,540,1,0,0,0,21,3,94,1,0,6,0,3,2,5
privatezilla (C#),0,1,0,0,0,0,0,0,0,1,6,0,0,0,1,0,0,166,0,25,0,0,0,0,0,0,0,0,0,0,6,0,109,0,0,0,0,0,0,0,0,0,1,0,0,0,0,0,1,0,0,0,0,0,0,0,0,1,0,0,0,0,0,0,19,0,1,0,0,0,0,0,0,0,0,0,7,0,0,0,0,0,0,0,0,0,0,0,0,0,0,1,0,0,0,0,0,0,0,0,0,0,0,0,0,0,0,0,0,0,0,1,0,0,0,0
CefSharp (C#),5,266,3,19,20,0,0,0,101,210,338,0,0,0,59,0,0,19,0,145,0,1,0,0,22,0,7,24,2,15,134,5,154,2,16,2,2,1,3,0,0,0,39,0,15,0,0,1,58,27,0,4,0,1,2,1,0,1,0,6,0,0,0,0,252,0,16,0,18,0,0,0,216,0,0,196,112,0,8,1,1,0,1,1,5,0,0,2,4,0,0,133,0,0,113,0,0,2,0,1,54,1134,1,0,0,0,242,22,16,0,0,7,0,3,0,6
OptiKey (C#),0,86,0,113,10,0,0,0,0,181,316,0,0,0,10,0,0,7,0,97,0,0,0,0,2,0,0,1,1,1,207,5,55,4,0,3,0,0,8,0,0,0,8,2,61,0,0,0,327,33,0,1,0,5,6,0,0,0,0,1,0,0,0,0,167,0,1,0,15,0,0,0,133,0,0,85,36,0,12,1,0,0,0,1,6,0,0,0,0,0,0,32,0,0,213,0,5,0,0,6,15,24,0,2,0,0,42,73,6,0,0,0,0,0,0,4
crest (C#),2,25,3,1,0,0,0,0,0,1,29,0,0,1,17,0,0,14,0,33,0,2,0,0,1,0,0,0,0,2,168,4,15,7,0,0,1,0,0,0,0,0,2,0,3,0,0,0,38,0,0,3,0,1,0,0,0,0,0,0,0,0,1,0,124,0,6,0,0,0,0,0,1,0,0,1,19,0,1,1,0,2,0,1,1,0,0,2,1,0,0,7,0,0,40,0,1,0,0,0,0,12,0,3,0,0,15,1,21,0,0,7,0,0,0,0
shadowsocksr-csharp (C#),5,57,3,22,10,0,0,0,0,13,134,0,3,1,18,1,0,9,0,19,0,12,0,0,6,0,3,3,5,3,163,1,37,6,3,7,0,1,2,0,0,2,22,0,4,0,0,7,10,1,0,0,0,1,5,0,0,0,0,2,1,2,1,0,164,0,3,0,48,0,0,0,78,0,4,35,33,0,13,3,3,1,2,1,9,0,0,0,0,2,0,9,0,0,56,0,2,6,0,2,0,41,1,7,0,0,2,7,5,0,0,3,2,0,0,0
ContextMenuManager (C#),1,4,1,1,1,0,0,0,0,12,75,0,0,1,2,0,0,5,0,14,0,1,0,0,0,0,0,1,0,0,62,0,6,0,1,0,0,0,0,0,0,0,11,1,2,0,0,0,19,0,0,1,0,0,0,0,0,0,0,0,0,0,1,1,50,0,6,0,7,0,0,0,0,0,0,0,1,0,0,0,1,0,0,0,5,0,0,0,2,0,0,2,0,0,19,0,1,0,0,28,6,8,0,6,0,0,13,0,6,0,0,0,0,0,0,0
jynew (C#),0,0,0,0,0,0,0,0,0,0,0,0,0,0,0,0,0,0,0,0,0,0,0,0,0,0,0,0,0,0,0,0,0,0,0,0,0,0,0,0,0,0,0,0,0,0,0,0,0,0,0,0,0,0,0,0,0,0,0,0,0,0,0,0,1,0,0,0,0,0,0,0,0,0,0,0,0,0,0,0,0,0,0,0,0,0,0,0,0,0,0,0,0,0,0,0,0,0,0,0,0,0,0,0,0,0,0,0,0,0,0,0,0,0,0,0
MailKit (C#),2,34,2,44,17,0,0,0,0,24,393,0,0,0,43,0,0,7,1,440,0,6,0,0,6,0,29,11,6,0,114,5,69,5,8,14,4,2,50,4,0,0,23,1,22,0,0,2,161,18,0,13,1,2,0,0,0,0,0,3,0,0,0,0,240,0,11,0,53,0,0,0,45,0,0,21,337,0,9,5,0,0,1,3,24,0,0,3,3,1,2,9,0,0,80,0,1,9,0,15,104,219,2,4,0,0,14,44,74,0,0,1,0,0,2,2
radzen-blazor (C#),0,94,0,23,20,0,0,0,1,48,18,0,0,5,30,0,0,14,0,114,0,0,0,0,2,0,3,1,1,11,62,3,64,1,0,4,1,3,1,0,0,0,10,0,18,0,0,0,17,1,0,4,0,2,0,0,0,3,0,6,0,0,1,0,90,0,2,0,40,0,1,0,28,0,0,38,71,1,0,0,0,6,0,4,25,0,0,0,3,0,0,22,0,0,64,0,4,6,0,3,232,188,0,1,0,0,5,14,7,0,0,6,0,0,0,0
orleans (C#),6,165,15,17,122,0,0,1,1,251,1670,0,2,0,114,0,1,22,1,484,0,2,0,2,19,0,8,126,11,10,261,18,67,6,4,204,14,5,43,0,0,1,16,3,42,0,2,15,141,71,0,16,0,32,11,0,0,2,0,11,3,1,6,1,562,0,34,0,65,0,0,0,24,0,2,45,484,0,20,6,1,1,0,8,79,0,0,0,15,1,1,157,0,0,73,0,7,8,0,2,1584,1303,0,2,0,0,61,15,132,0,0,24,0,2,4,4
coravel (C#),0,3,0,0,2,0,0,0,0,1,76,0,0,0,12,0,0,3,0,40,0,0,0,0,18,0,0,6,0,32,18,1,1,1,0,3,0,0,2,0,0,0,2,0,2,0,0,0,9,3,0,1,0,0,0,0,0,0,0,0,0,0,0,0,6,0,0,0,1,0,0,0,2,0,0,1,102,0,2,0,0,0,0,0,2,0,0,0,0,1,0,17,0,0,5,0,0,1,0,0,27,61,0,0,0,0,4,1,6,0,0,0,0,0,0,0
FluentValidation (C#),0,33,0,0,11,0,0,0,0,6,158,0,0,0,14,0,0,2,2,69,0,0,0,0,8,0,0,4,0,10,74,2,4,0,0,2,0,0,2,0,0,0,2,0,1,0,0,0,3,0,0,1,0,2,1,0,0,0,0,0,0,0,0,0,162,0,0,0,28,0,0,0,2,0,0,0,380,0,1,2,0,3,0,1,4,0,0,0,0,0,0,6,0,0,7,0,0,0,0,1,49,27,0,0,0,0,1,0,26,0,0,3,0,0,0,0
ShareX (C#),5,531,10,40,29,0,0,0,1,83,491,0,0,1,45,0,0,10,0,383,0,1,0,0,2,0,0,20,5,0,574,7,63,2,1,6,4,5,38,0,0,0,61,1,19,0,0,4,147,2,0,11,0,24,13,0,0,5,0,1,0,0,3,0,1066,0,43,0,79,0,0,0,103,0,0,45,114,0,35,8,4,3,0,17,49,0,1,2,5,1,0,110,0,0,207,0,57,5,0,22,48,211,0,13,0,0,23,15,44,0,0,5,0,0,5,24
FluentTerminal (C#),0,71,0,0,7,0,0,0,0,25,156,0,0,0,15,0,0,11,0,66,0,0,0,0,1,0,0,6,1,2,58,2,48,1,6,1,1,0,4,0,0,1,10,0,6,0,0,1,85,13,0,1,0,7,5,0,0,0,0,0,0,0,0,0,175,0,5,0,1,0,0,0,0,0,0,0,44,0,1,0,0,0,0,0,2,0,0,1,1,0,1,18,0,0,84,0,0,1,0,18,107,85,0,0,0,0,0,6,4,0,0,1,0,0,0,3
choco (C#),0,12,0,3,13,0,0,0,0,8,143,0,0,0,29,0,0,1,0,59,0,0,0,0,7,0,3,3,1,1,101,2,39,1,0,1,4,0,14,0,0,0,15,0,33,0,0,0,17,6,0,11,0,3,3,0,0,0,0,1,2,0,0,0,196,0,26,0,35,0,0,0,13,0,0,15,61,0,16,0,0,0,0,0,4,0,0,0,0,0,0,29,0,0,13,0,3,0,0,0,1,98,0,0,0,0,31,4,3,0,0,6,0,1,0,4
clean-code-dotnet (C#),0,0,0,0,0,0,0,0,0,0,0,0,0,0,0,0,0,0,0,0,0,0,0,0,0,0,0,0,0,0,0,0,0,0,0,0,0,0,0,0,0,0,0,0,0,0,0,0,0,0,0,0,0,0,0,0,0,0,0,0,0,0,0,0,0,0,0,0,0,0,0,0,0,0,0,0,0,0,0,0,0,0,0,0,0,0,0,0,0,0,0,0,0,0,0,0,0,0,0,0,0,0,0,0,0,0,0,0,0,0,0,0,0,0,0,0
OneOf (C#),0,0,0,0,0,0,0,0,0,64,40,0,0,0,64,0,0,1054,0,23,0,0,0,0,0,0,0,1,0,0,0,0,0,0,0,0,0,0,0,0,0,0,0,0,0,0,0,0,64,1,0,0,0,0,0,0,0,0,0,528,0,0,0,0,0,0,0,0,64,0,0,0,0,0,0,0,10,0,0,0,0,0,0,0,0,0,0,0,0,0,0,0,0,0,0,0,0,0,0,0,0,0,0,0,0,0,0,0,1,0,0,0,0,0,0,0
example-voting-app (C#),0,0,0,0,0,0,0,0,0,0,0,0,0,0,0,0,0,0,0,0,0,0,0,0,0,0,0,0,0,0,0,0,0,0,0,0,0,0,0,0,0,0,0,0,0,0,0,0,0,0,0,0,0,0,0,0,0,0,0,0,0,0,0,0,0,0,0,0,0,0,0,0,0,0,0,0,0,0,0,0,0,0,0,0,0,0,0,0,0,0,0,0,0,0,0,0,0,0,0,0,0,0,0,0,0,0,0,0,0,0,0,0,0,0,0,0
xunit (C#),1,37,2,0,31,0,0,0,2,14,290,0,0,0,29,0,0,1,1,266,0,0,0,0,2,0,0,4,0,4,80,3,3,0,0,7,11,0,12,0,0,0,0,0,1,0,0,0,45,2,0,1,0,9,10,0,0,0,0,4,1,0,0,0,240,0,0,0,0,0,0,0,3,0,0,3,231,0,1,0,0,1,0,0,10,0,0,0,3,0,0,6,0,0,21,0,5,2,0,0,28,90,0,0,0,0,28,0,35,0,0,4,0,0,0,0
neo (C#),0,73,3,10,56,0,0,0,1,52,317,0,4,0,114,1,0,32,0,398,0,1,0,6,8,0,8,8,1,11,250,19,41,5,4,10,14,2,62,1,0,5,34,1,16,0,0,4,72,17,0,9,0,3,11,0,0,0,0,5,1,1,3,0,538,0,14,0,85,0,0,0,7,0,7,23,606,0,3,0,2,2,0,4,44,0,0,0,2,1,1,47,0,0,64,0,29,5,0,10,91,242,1,3,0,0,36,17,122,0,0,11,0,3,4,1
QFramework (C#),0,60,3,51,8,0,0,0,1,37,156,0,0,1,89,2,0,12,0,76,0,0,0,0,5,0,3,8,8,12,325,1,49,1,2,3,0,12,3,0,0,0,52,0,8,0,0,0,52,2,0,2,0,3,2,0,0,0,0,0,1,0,4,1,271,0,10,0,29,0,0,0,107,0,0,59,23,0,5,2,0,3,6,1,5,0,0,2,0,0,4,28,0,0,166,0,2,3,0,39,24,62,0,3,0,0,93,41,15,0,0,1,0,3,0,2
mobile (C#),0,82,5,9,53,0,0,0,2,52,520,0,1,0,21,0,0,2,0,313,0,0,0,3,7,0,7,37,0,10,175,2,34,0,0,8,3,2,20,1,0,0,14,0,4,0,2,0,106,24,0,13,0,12,4,0,0,0,0,1,0,0,2,0,302,0,12,0,7,0,0,0,7,0,0,1,113,0,11,3,0,2,0,2,12,0,4,0,2,0,2,49,0,0,42,0,1,3,0,13,414,289,1,4,0,0,31,7,14,0,0,1,0,8,3,3
akka.net (C#),2,169,15,43,238,0,0,0,4,204,3260,0,4,2,456,6,1,121,0,982,0,0,0,0,53,0,6,143,4,13,848,148,157,7,0,21,57,12,37,1,0,0,111,8,65,0,0,6,310,80,0,8,0,23,40,0,0,0,33,20,1,3,2,12,1712,0,8,3,219,0,1,0,72,0,27,311,969,0,116,9,0,15,0,5,90,0,1,0,21,5,2,191,0,0,114,0,30,42,0,0,880,1089,12,2,0,0,100,38,347,7,0,28,0,3,1,9
awesome-dotnet-core (C#),0,0,0,0,0,0,0,0,0,0,0,0,0,0,0,0,0,0,0,0,0,0,0,0,0,0,0,0,0,0,0,0,0,0,0,0,0,0,0,0,0,0,0,0,0,0,0,0,0,0,0,0,0,0,0,0,0,0,0,0,0,0,0,0,0,0,0,0,0,0,0,0,0,0,0,0,0,0,0,0,0,0,0,0,0,0,0,0,0,0,0,0,0,0,0,0,0,0,0,0,0,0,0,0,0,0,0,0,0,0,0,0,0,0,0,0
LenovoLegionToolkit (C#),1,42,1,2,9,0,0,0,0,9,156,0,0,0,0,0,0,2,0,92,0,0,0,1,3,0,1,0,0,3,24,1,2,1,0,12,0,0,6,0,0,0,0,0,1,0,0,0,24,1,0,1,0,1,4,0,0,2,0,1,0,0,1,0,154,0,3,0,1,0,0,0,0,0,0,0,22,0,0,1,0,1,0,0,6,0,0,4,0,0,0,12,0,0,18,0,3,0,0,0,56,57,0,0,0,0,16,0,17,0,0,0,0,0,0,0
GoogleTranslateIpCheck (C#),0,0,0,0,0,0,0,0,0,0,0,0,0,0,0,0,0,0,0,0,0,0,0,0,0,0,0,0,0,0,0,0,0,0,0,0,0,0,0,0,0,0,0,0,0,0,0,0,0,0,0,0,0,0,0,0,0,0,0,0,0,0,0,0,0,0,0,0,0,0,0,0,0,0,0,0,0,0,0,0,0,0,0,0,0,0,0,0,0,0,0,0,0,0,0,0,0,0,0,0,0,0,0,0,0,0,0,0,0,0,0,0,0,0,0,0
IdentityServer4.Admin (C#),7,1,0,0,8,0,0,0,0,9,296,0,0,0,2,0,0,0,0,44,0,0,0,0,2,0,0,37,0,1,6,0,0,0,0,0,0,0,34,0,0,0,0,0,2,0,0,1,0,1,0,0,0,3,58,0,0,2,0,10,0,0,0,0,31,0,6,0,3,0,0,0,0,0,0,0,259,0,22,0,0,0,0,1,2,0,0,0,1,0,0,21,0,0,0,0,0,0,0,0,210,584,0,0,0,0,0,0,17,0,0,0,0,0,0,12
Kavita (C#),0,0,0,0,1,0,0,0,0,0,32,0,0,0,0,0,0,0,0,78,0,0,0,0,0,0,2,0,0,0,15,0,0,0,0,0,1,0,0,0,0,0,0,0,0,0,0,0,5,2,0,0,0,0,0,0,0,0,0,0,0,0,0,0,53,0,0,0,0,0,0,0,0,0,0,0,126,0,0,0,0,0,0,0,0,0,0,0,0,0,0,7,0,0,0,0,0,0,0,0,174,11,0,0,0,0,0,0,26,0,0,0,0,0,0,0
MudBlazor (C#),1,84,4,7,6,0,0,0,2,36,267,0,1,2,20,1,0,12,0,140,0,0,0,0,12,0,1,11,2,21,151,0,10,3,0,29,3,1,4,0,0,0,13,1,14,0,0,3,28,2,0,0,0,14,1,0,0,0,1,2,0,0,2,0,595,0,7,0,7,0,0,0,5,0,0,3,603,1,1,3,0,5,0,2,8,0,0,0,2,1,0,34,0,0,104,0,0,7,0,12,666,271,0,3,0,0,26,23,35,0,0,5,0,5,0,0
bflat (C#),0,0,0,0,0,0,0,0,0,1,23,0,0,0,0,0,0,1,0,1,0,1,0,0,0,0,0,0,0,0,4,0,3,0,0,0,0,0,0,0,0,0,0,0,1,0,0,0,1,0,0,2,0,0,0,0,0,0,0,1,0,0,0,0,0,0,0,0,0,0,0,0,0,0,0,0,0,0,0,0,0,0,0,0,3,0,0,0,1,0,0,0,0,0,0,0,0,0,0,0,0,1,0,1,0,0,2,0,1,0,0,1,0,0,0,0
Blog.Core (C#),2,2,0,1,42,0,0,0,1,9,136,0,0,0,5,0,0,0,0,63,0,3,0,0,1,0,0,30,3,1,34,2,12,0,1,6,0,0,52,0,0,0,4,0,1,0,0,1,3,6,0,0,0,3,5,0,0,1,0,1,0,0,0,0,63,0,2,0,18,0,0,0,0,0,0,3,40,0,2,1,0,1,0,0,3,0,0,0,0,0,1,19,0,0,4,0,0,0,0,0,53,239,0,0,0,0,14,2,2,0,0,1,0,1,0,9
SqlSugar (C#),9,288,10,62,220,0,0,0,18,41,672,0,0,5,297,3,0,21,1,1780,0,7,0,32,1509,0,161,15,24,511,269,20,1905,0,0,188,13,24,331,0,0,0,289,39,42,0,0,6,23,47,0,11,0,81,56,0,0,16,0,2081,54,0,0,0,675,0,123,0,383,0,0,0,622,0,0,388,427,0,132,9,4,12,0,10,122,0,0,2,13,3,0,569,0,0,705,0,2,53,0,3,106,3898,9,5,0,0,39,101,16,0,4,21,0,22,34,0
LKY_OfficeTools (C#),0,0,0,0,0,0,0,0,0,0,4,0,0,0,0,0,0,0,0,1,0,0,0,0,0,0,0,0,0,0,1,0,0,0,0,0,0,0,0,0,0,0,0,0,0,0,0,0,0,0,0,0,0,0,0,0,0,0,0,0,0,0,0,0,0,0,0,0,0,0,0,0,0,0,0,0,1,0,0,0,0,0,0,0,0,0,0,0,0,0,0,0,0,0,1,0,0,0,0,0,0,0,0,0,0,0,0,0,0,0,0,0,0,0,0,0
fluentassertions (C#),0,8,0,6,189,0,0,0,0,10,282,0,1,0,12,0,0,2,0,98,0,0,0,0,8,0,4,9,0,3,38,16,29,4,0,30,238,12,2,0,0,0,13,0,5,0,0,2,8,21,0,1,0,3,0,0,0,0,0,2,1,0,0,0,42,0,0,0,19,0,0,0,7,0,2,3,1132,0,4,0,0,1,0,0,15,0,1,0,73,0,1,45,0,0,11,0,0,5,0,3,7,193,0,4,0,0,76,4,10,0,0,6,0,57,0,0
machinelearning (C#),15,118,4,83,332,0,0,0,1,268,2047,0,1,7,180,0,0,41,0,756,1,49,1,22,37,0,71,50,15,37,587,78,237,26,8,14,51,1,140,2,0,12,75,1,34,0,4,8,146,53,0,5,0,42,88,0,0,3,1,23,4,0,0,3,1199,0,74,0,389,0,1,0,203,0,1,107,1061,0,59,2,10,9,1,60,172,0,0,18,32,5,1,534,0,0,231,0,28,10,0,42,20,3766,6,7,0,0,54,81,240,0,5,20,0,23,11,13
